"dico","cases","recovered","deaths","date"
"0101",3,0,0,2020-03-24 00:00:00
"0101",3,0,0,2020-03-25 00:00:00
"0101",10,0,0,2020-03-26 00:00:00
"0101",10,0,0,2020-03-27 00:00:00
"0101",13,0,0,2020-03-28 00:00:00
"0101",15,0,0,2020-03-29 00:00:00
"0101",18,0,0,2020-03-30 00:00:00
"0101",14,0,0,2020-03-31 00:00:00
"0101",19,0,0,2020-04-01 00:00:00
"0101",20,0,0,2020-04-02 00:00:00
"0101",22,0,0,2020-04-03 00:00:00
"0101",24,0,0,2020-04-04 00:00:00
"0101",24,0,0,2020-04-05 00:00:00
"0101",25,0,0,2020-04-06 00:00:00
"0101",26,0,0,2020-04-07 00:00:00
"0101",26,0,0,2020-04-08 00:00:00
"0101",30,0,0,2020-04-09 00:00:00
"0101",31,0,0,2020-04-10 00:00:00
"0101",32,0,0,2020-04-11 00:00:00
"0102",5,0,0,2020-03-24 00:00:00
"0102",5,0,0,2020-03-25 00:00:00
"0102",21,0,0,2020-03-26 00:00:00
"0102",28,0,0,2020-03-27 00:00:00
"0102",28,0,0,2020-03-28 00:00:00
"0102",32,0,0,2020-03-29 00:00:00
"0102",50,0,0,2020-03-30 00:00:00
"0102",31,0,0,2020-03-31 00:00:00
"0102",32,0,0,2020-04-01 00:00:00
"0102",34,0,0,2020-04-02 00:00:00
"0102",52,0,0,2020-04-03 00:00:00
"0102",53,0,0,2020-04-04 00:00:00
"0102",54,0,0,2020-04-05 00:00:00
"0102",54,0,0,2020-04-06 00:00:00
"0102",54,0,0,2020-04-07 00:00:00
"0102",54,0,0,2020-04-08 00:00:00
"0102",52,0,0,2020-04-09 00:00:00
"0102",52,0,0,2020-04-10 00:00:00
"0102",52,0,0,2020-04-11 00:00:00
"0103",4,0,0,2020-03-27 00:00:00
"0103",4,0,0,2020-03-28 00:00:00
"0103",4,0,0,2020-03-29 00:00:00
"0103",5,0,0,2020-03-30 00:00:00
"0103",5,0,0,2020-03-31 00:00:00
"0103",5,0,0,2020-04-01 00:00:00
"0103",5,0,0,2020-04-02 00:00:00
"0103",7,0,0,2020-04-03 00:00:00
"0103",10,0,0,2020-04-04 00:00:00
"0103",11,0,0,2020-04-05 00:00:00
"0103",11,0,0,2020-04-06 00:00:00
"0103",12,0,0,2020-04-07 00:00:00
"0103",13,0,0,2020-04-08 00:00:00
"0103",12,0,0,2020-04-09 00:00:00
"0103",13,0,0,2020-04-10 00:00:00
"0103",13,0,0,2020-04-11 00:00:00
"0104",8,0,0,2020-03-28 00:00:00
"0104",10,0,0,2020-03-29 00:00:00
"0104",12,0,0,2020-03-30 00:00:00
"0104",12,0,0,2020-03-31 00:00:00
"0104",14,0,0,2020-04-01 00:00:00
"0104",14,0,0,2020-04-02 00:00:00
"0104",14,0,0,2020-04-03 00:00:00
"0104",15,0,0,2020-04-04 00:00:00
"0104",15,0,0,2020-04-05 00:00:00
"0104",16,0,0,2020-04-06 00:00:00
"0104",17,0,0,2020-04-07 00:00:00
"0104",17,0,0,2020-04-08 00:00:00
"0104",23,0,0,2020-04-09 00:00:00
"0104",23,0,0,2020-04-10 00:00:00
"0104",25,0,0,2020-04-11 00:00:00
"0105",6,0,0,2020-03-24 00:00:00
"0105",6,0,0,2020-03-25 00:00:00
"0105",46,0,0,2020-03-26 00:00:00
"0105",55,0,0,2020-03-27 00:00:00
"0105",62,0,0,2020-03-28 00:00:00
"0105",95,0,0,2020-03-29 00:00:00
"0105",95,0,0,2020-03-30 00:00:00
"0105",70,0,0,2020-03-31 00:00:00
"0105",87,0,0,2020-04-01 00:00:00
"0105",127,0,0,2020-04-02 00:00:00
"0105",130,0,0,2020-04-03 00:00:00
"0105",140,0,0,2020-04-04 00:00:00
"0105",141,0,0,2020-04-05 00:00:00
"0105",142,0,0,2020-04-06 00:00:00
"0105",151,0,0,2020-04-07 00:00:00
"0105",152,0,0,2020-04-08 00:00:00
"0105",153,0,0,2020-04-09 00:00:00
"0105",158,0,0,2020-04-10 00:00:00
"0105",160,0,0,2020-04-11 00:00:00
"0106",3,0,0,2020-04-03 00:00:00
"0106",3,0,0,2020-04-04 00:00:00
"0106",4,0,0,2020-04-05 00:00:00
"0106",5,0,0,2020-04-06 00:00:00
"0106",5,0,0,2020-04-07 00:00:00
"0106",5,0,0,2020-04-08 00:00:00
"0106",5,0,0,2020-04-09 00:00:00
"0106",7,0,0,2020-04-10 00:00:00
"0106",7,0,0,2020-04-11 00:00:00
"0107",8,0,0,2020-03-24 00:00:00
"0107",9,0,0,2020-03-25 00:00:00
"0107",13,0,0,2020-03-26 00:00:00
"0107",17,0,0,2020-03-27 00:00:00
"0107",18,0,0,2020-03-28 00:00:00
"0107",27,0,0,2020-03-29 00:00:00
"0107",29,0,0,2020-03-30 00:00:00
"0107",25,0,0,2020-03-31 00:00:00
"0107",26,0,0,2020-04-01 00:00:00
"0107",27,0,0,2020-04-02 00:00:00
"0107",28,0,0,2020-04-03 00:00:00
"0107",28,0,0,2020-04-04 00:00:00
"0107",31,0,0,2020-04-05 00:00:00
"0107",37,0,0,2020-04-06 00:00:00
"0107",37,0,0,2020-04-07 00:00:00
"0107",37,0,0,2020-04-08 00:00:00
"0107",39,0,0,2020-04-09 00:00:00
"0107",39,0,0,2020-04-10 00:00:00
"0107",42,0,0,2020-04-11 00:00:00
"0108",6,0,0,2020-03-26 00:00:00
"0108",9,0,0,2020-03-27 00:00:00
"0108",15,0,0,2020-03-28 00:00:00
"0108",16,0,0,2020-03-29 00:00:00
"0108",23,0,0,2020-03-30 00:00:00
"0108",20,0,0,2020-03-31 00:00:00
"0108",26,0,0,2020-04-01 00:00:00
"0108",31,0,0,2020-04-02 00:00:00
"0108",33,0,0,2020-04-03 00:00:00
"0108",34,0,0,2020-04-04 00:00:00
"0108",36,0,0,2020-04-05 00:00:00
"0108",36,0,0,2020-04-06 00:00:00
"0108",37,0,0,2020-04-07 00:00:00
"0108",39,0,0,2020-04-08 00:00:00
"0108",39,0,0,2020-04-09 00:00:00
"0108",42,0,0,2020-04-10 00:00:00
"0108",44,0,0,2020-04-11 00:00:00
"0109",33,0,0,2020-03-24 00:00:00
"0109",39,0,0,2020-03-25 00:00:00
"0109",45,0,0,2020-03-26 00:00:00
"0109",54,0,0,2020-03-27 00:00:00
"0109",103,0,0,2020-03-28 00:00:00
"0109",136,0,0,2020-03-29 00:00:00
"0109",154,0,0,2020-03-30 00:00:00
"0109",148,0,0,2020-03-31 00:00:00
"0109",162,0,0,2020-04-01 00:00:00
"0109",174,0,0,2020-04-02 00:00:00
"0109",187,0,0,2020-04-03 00:00:00
"0109",212,0,0,2020-04-04 00:00:00
"0109",216,0,0,2020-04-05 00:00:00
"0109",224,0,0,2020-04-06 00:00:00
"0109",231,0,0,2020-04-07 00:00:00
"0109",233,0,0,2020-04-08 00:00:00
"0109",246,0,0,2020-04-09 00:00:00
"0109",254,0,0,2020-04-10 00:00:00
"0109",265,0,0,2020-04-11 00:00:00
"0110",10,0,0,2020-03-26 00:00:00
"0110",12,0,0,2020-03-27 00:00:00
"0110",12,0,0,2020-03-28 00:00:00
"0110",12,0,0,2020-03-29 00:00:00
"0110",18,0,0,2020-03-30 00:00:00
"0110",14,0,0,2020-03-31 00:00:00
"0110",18,0,0,2020-04-01 00:00:00
"0110",23,0,0,2020-04-02 00:00:00
"0110",25,0,0,2020-04-03 00:00:00
"0110",45,0,0,2020-04-04 00:00:00
"0110",54,0,0,2020-04-05 00:00:00
"0110",54,0,0,2020-04-06 00:00:00
"0110",86,0,0,2020-04-07 00:00:00
"0110",86,0,0,2020-04-08 00:00:00
"0110",83,0,0,2020-04-09 00:00:00
"0110",84,0,0,2020-04-10 00:00:00
"0110",87,0,0,2020-04-11 00:00:00
"0111",4,0,0,2020-03-29 00:00:00
"0111",5,0,0,2020-03-30 00:00:00
"0111",3,0,0,2020-03-31 00:00:00
"0111",5,0,0,2020-04-01 00:00:00
"0111",5,0,0,2020-04-02 00:00:00
"0111",7,0,0,2020-04-03 00:00:00
"0111",7,0,0,2020-04-04 00:00:00
"0111",8,0,0,2020-04-05 00:00:00
"0111",8,0,0,2020-04-06 00:00:00
"0111",10,0,0,2020-04-07 00:00:00
"0111",10,0,0,2020-04-08 00:00:00
"0111",10,0,0,2020-04-09 00:00:00
"0111",11,0,0,2020-04-10 00:00:00
"0111",11,0,0,2020-04-11 00:00:00
"0112",4,0,0,2020-03-27 00:00:00
"0112",5,0,0,2020-03-28 00:00:00
"0112",6,0,0,2020-03-29 00:00:00
"0112",6,0,0,2020-03-30 00:00:00
"0112",6,0,0,2020-03-31 00:00:00
"0112",7,0,0,2020-04-01 00:00:00
"0112",7,0,0,2020-04-02 00:00:00
"0112",7,0,0,2020-04-03 00:00:00
"0112",6,0,0,2020-04-04 00:00:00
"0112",6,0,0,2020-04-05 00:00:00
"0112",6,0,0,2020-04-06 00:00:00
"0112",6,0,0,2020-04-07 00:00:00
"0112",6,0,0,2020-04-08 00:00:00
"0112",6,0,0,2020-04-09 00:00:00
"0112",6,0,0,2020-04-10 00:00:00
"0112",6,0,0,2020-04-11 00:00:00
"0113",11,0,0,2020-03-24 00:00:00
"0113",18,0,0,2020-03-25 00:00:00
"0113",26,0,0,2020-03-26 00:00:00
"0113",30,0,0,2020-03-27 00:00:00
"0113",46,0,0,2020-03-28 00:00:00
"0113",67,0,0,2020-03-29 00:00:00
"0113",71,0,0,2020-03-30 00:00:00
"0113",59,0,0,2020-03-31 00:00:00
"0113",67,0,0,2020-04-01 00:00:00
"0113",71,0,0,2020-04-02 00:00:00
"0113",75,0,0,2020-04-03 00:00:00
"0113",82,0,0,2020-04-04 00:00:00
"0113",84,0,0,2020-04-05 00:00:00
"0113",86,0,0,2020-04-06 00:00:00
"0113",92,0,0,2020-04-07 00:00:00
"0113",94,0,0,2020-04-08 00:00:00
"0113",99,0,0,2020-04-09 00:00:00
"0113",106,0,0,2020-04-10 00:00:00
"0113",114,0,0,2020-04-11 00:00:00
"0114",6,0,0,2020-03-26 00:00:00
"0114",7,0,0,2020-03-27 00:00:00
"0114",7,0,0,2020-03-28 00:00:00
"0114",9,0,0,2020-03-29 00:00:00
"0114",10,0,0,2020-03-30 00:00:00
"0114",9,0,0,2020-03-31 00:00:00
"0114",10,0,0,2020-04-01 00:00:00
"0114",10,0,0,2020-04-02 00:00:00
"0114",10,0,0,2020-04-03 00:00:00
"0114",11,0,0,2020-04-04 00:00:00
"0114",11,0,0,2020-04-05 00:00:00
"0114",11,0,0,2020-04-06 00:00:00
"0114",13,0,0,2020-04-07 00:00:00
"0114",13,0,0,2020-04-08 00:00:00
"0114",14,0,0,2020-04-09 00:00:00
"0114",15,0,0,2020-04-10 00:00:00
"0114",15,0,0,2020-04-11 00:00:00
"0115",55,0,0,2020-03-24 00:00:00
"0115",58,0,0,2020-03-25 00:00:00
"0115",119,0,0,2020-03-26 00:00:00
"0115",145,0,0,2020-03-27 00:00:00
"0115",145,0,0,2020-03-28 00:00:00
"0115",159,0,0,2020-03-29 00:00:00
"0115",241,0,0,2020-03-30 00:00:00
"0115",159,0,0,2020-03-31 00:00:00
"0115",194,0,0,2020-04-01 00:00:00
"0115",209,0,0,2020-04-02 00:00:00
"0115",220,0,0,2020-04-03 00:00:00
"0115",222,0,0,2020-04-04 00:00:00
"0115",238,0,0,2020-04-05 00:00:00
"0115",224,0,0,2020-04-06 00:00:00
"0115",247,0,0,2020-04-07 00:00:00
"0115",273,0,0,2020-04-08 00:00:00
"0115",275,0,0,2020-04-09 00:00:00
"0115",379,0,0,2020-04-10 00:00:00
"0115",403,0,0,2020-04-11 00:00:00
"0116",3,0,0,2020-03-26 00:00:00
"0116",9,0,0,2020-03-27 00:00:00
"0116",13,0,0,2020-03-28 00:00:00
"0116",28,0,0,2020-03-29 00:00:00
"0116",32,0,0,2020-03-30 00:00:00
"0116",25,0,0,2020-03-31 00:00:00
"0116",28,0,0,2020-04-01 00:00:00
"0116",30,0,0,2020-04-02 00:00:00
"0116",31,0,0,2020-04-03 00:00:00
"0116",32,0,0,2020-04-04 00:00:00
"0116",32,0,0,2020-04-05 00:00:00
"0116",35,0,0,2020-04-06 00:00:00
"0116",35,0,0,2020-04-07 00:00:00
"0116",36,0,0,2020-04-08 00:00:00
"0116",36,0,0,2020-04-09 00:00:00
"0116",41,0,0,2020-04-10 00:00:00
"0116",44,0,0,2020-04-11 00:00:00
"0117",3,0,0,2020-03-29 00:00:00
"0117",3,0,0,2020-03-30 00:00:00
"0117",4,0,0,2020-04-04 00:00:00
"0117",5,0,0,2020-04-05 00:00:00
"0117",5,0,0,2020-04-06 00:00:00
"0117",5,0,0,2020-04-07 00:00:00
"0117",5,0,0,2020-04-08 00:00:00
"0117",5,0,0,2020-04-09 00:00:00
"0117",5,0,0,2020-04-10 00:00:00
"0117",7,0,0,2020-04-11 00:00:00
"0118",3,0,0,2020-03-26 00:00:00
"0118",4,0,0,2020-03-27 00:00:00
"0118",5,0,0,2020-03-28 00:00:00
"0118",5,0,0,2020-03-29 00:00:00
"0118",5,0,0,2020-03-30 00:00:00
"0118",5,0,0,2020-03-31 00:00:00
"0118",5,0,0,2020-04-01 00:00:00
"0118",6,0,0,2020-04-02 00:00:00
"0118",7,0,0,2020-04-03 00:00:00
"0118",7,0,0,2020-04-04 00:00:00
"0118",8,0,0,2020-04-05 00:00:00
"0118",8,0,0,2020-04-06 00:00:00
"0118",9,0,0,2020-04-07 00:00:00
"0118",9,0,0,2020-04-08 00:00:00
"0118",9,0,0,2020-04-09 00:00:00
"0118",11,0,0,2020-04-10 00:00:00
"0118",13,0,0,2020-04-11 00:00:00
"0119",3,0,0,2020-03-24 00:00:00
"0119",4,0,0,2020-03-25 00:00:00
"0119",3,0,0,2020-03-26 00:00:00
"0119",5,0,0,2020-03-27 00:00:00
"0119",15,0,0,2020-03-28 00:00:00
"0119",24,0,0,2020-03-29 00:00:00
"0119",25,0,0,2020-03-30 00:00:00
"0119",22,0,0,2020-03-31 00:00:00
"0119",23,0,0,2020-04-01 00:00:00
"0119",23,0,0,2020-04-02 00:00:00
"0119",25,0,0,2020-04-03 00:00:00
"0119",31,0,0,2020-04-04 00:00:00
"0119",33,0,0,2020-04-05 00:00:00
"0119",36,0,0,2020-04-06 00:00:00
"0119",39,0,0,2020-04-07 00:00:00
"0119",40,0,0,2020-04-08 00:00:00
"0119",44,0,0,2020-04-09 00:00:00
"0119",48,0,0,2020-04-10 00:00:00
"0119",52,0,0,2020-04-11 00:00:00
"0205",3,0,0,2020-04-03 00:00:00
"0205",3,0,0,2020-04-04 00:00:00
"0205",3,0,0,2020-04-05 00:00:00
"0205",3,0,0,2020-04-06 00:00:00
"0205",3,0,0,2020-04-07 00:00:00
"0205",5,0,0,2020-04-08 00:00:00
"0205",5,0,0,2020-04-09 00:00:00
"0205",5,0,0,2020-04-10 00:00:00
"0205",6,0,0,2020-04-11 00:00:00
"0210",22,0,0,2020-04-11 00:00:00
"0213",3,0,0,2020-04-02 00:00:00
"0213",3,0,0,2020-04-03 00:00:00
"0213",3,0,0,2020-04-04 00:00:00
"0213",4,0,0,2020-04-05 00:00:00
"0213",4,0,0,2020-04-06 00:00:00
"0213",6,0,0,2020-04-07 00:00:00
"0213",6,0,0,2020-04-08 00:00:00
"0213",6,0,0,2020-04-09 00:00:00
"0213",17,0,0,2020-04-10 00:00:00
"0213",17,0,0,2020-04-11 00:00:00
"0301",6,0,0,2020-03-26 00:00:00
"0301",7,0,0,2020-03-27 00:00:00
"0301",8,0,0,2020-03-28 00:00:00
"0301",9,0,0,2020-03-29 00:00:00
"0301",9,0,0,2020-03-30 00:00:00
"0301",11,0,0,2020-03-31 00:00:00
"0301",13,0,0,2020-04-01 00:00:00
"0301",17,0,0,2020-04-02 00:00:00
"0301",17,0,0,2020-04-03 00:00:00
"0301",17,0,0,2020-04-04 00:00:00
"0301",18,0,0,2020-04-05 00:00:00
"0301",18,0,0,2020-04-06 00:00:00
"0301",19,0,0,2020-04-07 00:00:00
"0301",19,0,0,2020-04-08 00:00:00
"0301",21,0,0,2020-04-09 00:00:00
"0301",24,0,0,2020-04-10 00:00:00
"0301",25,0,0,2020-04-11 00:00:00
"0302",3,0,0,2020-03-24 00:00:00
"0302",3,0,0,2020-03-25 00:00:00
"0302",15,0,0,2020-03-26 00:00:00
"0302",20,0,0,2020-03-27 00:00:00
"0302",20,0,0,2020-03-28 00:00:00
"0302",29,0,0,2020-03-29 00:00:00
"0302",35,0,0,2020-03-30 00:00:00
"0302",39,0,0,2020-03-31 00:00:00
"0302",55,0,0,2020-04-01 00:00:00
"0302",65,0,0,2020-04-02 00:00:00
"0302",70,0,0,2020-04-03 00:00:00
"0302",83,0,0,2020-04-04 00:00:00
"0302",90,0,0,2020-04-05 00:00:00
"0302",93,0,0,2020-04-06 00:00:00
"0302",103,0,0,2020-04-07 00:00:00
"0302",107,0,0,2020-04-08 00:00:00
"0302",122,0,0,2020-04-09 00:00:00
"0302",126,0,0,2020-04-10 00:00:00
"0302",133,0,0,2020-04-11 00:00:00
"0303",21,0,0,2020-03-24 00:00:00
"0303",25,0,0,2020-03-25 00:00:00
"0303",98,0,0,2020-03-26 00:00:00
"0303",131,0,0,2020-03-27 00:00:00
"0303",152,0,0,2020-03-28 00:00:00
"0303",208,0,0,2020-03-29 00:00:00
"0303",213,0,0,2020-03-30 00:00:00
"0303",220,0,0,2020-03-31 00:00:00
"0303",245,0,0,2020-04-01 00:00:00
"0303",280,0,0,2020-04-02 00:00:00
"0303",305,0,0,2020-04-03 00:00:00
"0303",333,0,0,2020-04-04 00:00:00
"0303",349,0,0,2020-04-05 00:00:00
"0303",358,0,0,2020-04-06 00:00:00
"0303",407,0,0,2020-04-07 00:00:00
"0303",423,0,0,2020-04-08 00:00:00
"0303",521,0,0,2020-04-09 00:00:00
"0303",546,0,0,2020-04-10 00:00:00
"0303",579,0,0,2020-04-11 00:00:00
"0304",4,0,0,2020-04-04 00:00:00
"0304",5,0,0,2020-04-05 00:00:00
"0304",5,0,0,2020-04-06 00:00:00
"0304",5,0,0,2020-04-07 00:00:00
"0304",5,0,0,2020-04-08 00:00:00
"0304",4,0,0,2020-04-09 00:00:00
"0304",6,0,0,2020-04-10 00:00:00
"0304",7,0,0,2020-04-11 00:00:00
"0305",3,0,0,2020-04-01 00:00:00
"0305",3,0,0,2020-04-02 00:00:00
"0305",3,0,0,2020-04-03 00:00:00
"0305",4,0,0,2020-04-04 00:00:00
"0305",6,0,0,2020-04-05 00:00:00
"0305",6,0,0,2020-04-06 00:00:00
"0305",7,0,0,2020-04-07 00:00:00
"0305",7,0,0,2020-04-08 00:00:00
"0305",8,0,0,2020-04-09 00:00:00
"0305",8,0,0,2020-04-10 00:00:00
"0305",8,0,0,2020-04-11 00:00:00
"0306",5,0,0,2020-03-26 00:00:00
"0306",5,0,0,2020-03-27 00:00:00
"0306",7,0,0,2020-03-28 00:00:00
"0306",8,0,0,2020-03-29 00:00:00
"0306",8,0,0,2020-03-30 00:00:00
"0306",10,0,0,2020-03-31 00:00:00
"0306",10,0,0,2020-04-01 00:00:00
"0306",11,0,0,2020-04-02 00:00:00
"0306",11,0,0,2020-04-03 00:00:00
"0306",14,0,0,2020-04-04 00:00:00
"0306",14,0,0,2020-04-05 00:00:00
"0306",14,0,0,2020-04-06 00:00:00
"0306",16,0,0,2020-04-07 00:00:00
"0306",16,0,0,2020-04-08 00:00:00
"0306",21,0,0,2020-04-09 00:00:00
"0306",26,0,0,2020-04-10 00:00:00
"0306",26,0,0,2020-04-11 00:00:00
"0307",5,0,0,2020-03-26 00:00:00
"0307",5,0,0,2020-03-27 00:00:00
"0307",5,0,0,2020-03-28 00:00:00
"0307",5,0,0,2020-03-29 00:00:00
"0307",6,0,0,2020-03-30 00:00:00
"0307",7,0,0,2020-03-31 00:00:00
"0307",8,0,0,2020-04-01 00:00:00
"0307",8,0,0,2020-04-02 00:00:00
"0307",9,0,0,2020-04-03 00:00:00
"0307",10,0,0,2020-04-04 00:00:00
"0307",12,0,0,2020-04-05 00:00:00
"0307",12,0,0,2020-04-06 00:00:00
"0307",13,0,0,2020-04-07 00:00:00
"0307",13,0,0,2020-04-08 00:00:00
"0307",16,0,0,2020-04-09 00:00:00
"0307",23,0,0,2020-04-10 00:00:00
"0307",28,0,0,2020-04-11 00:00:00
"0308",15,0,0,2020-03-24 00:00:00
"0308",17,0,0,2020-03-25 00:00:00
"0308",41,0,0,2020-03-26 00:00:00
"0308",51,0,0,2020-03-27 00:00:00
"0308",51,0,0,2020-03-28 00:00:00
"0308",70,0,0,2020-03-29 00:00:00
"0308",75,0,0,2020-03-30 00:00:00
"0308",81,0,0,2020-03-31 00:00:00
"0308",89,0,0,2020-04-01 00:00:00
"0308",99,0,0,2020-04-02 00:00:00
"0308",105,0,0,2020-04-03 00:00:00
"0308",120,0,0,2020-04-04 00:00:00
"0308",127,0,0,2020-04-05 00:00:00
"0308",131,0,0,2020-04-06 00:00:00
"0308",147,0,0,2020-04-07 00:00:00
"0308",149,0,0,2020-04-08 00:00:00
"0308",161,0,0,2020-04-09 00:00:00
"0308",174,0,0,2020-04-10 00:00:00
"0308",189,0,0,2020-04-11 00:00:00
"0309",4,0,0,2020-03-26 00:00:00
"0309",7,0,0,2020-03-27 00:00:00
"0309",7,0,0,2020-03-28 00:00:00
"0309",12,0,0,2020-03-29 00:00:00
"0309",12,0,0,2020-03-30 00:00:00
"0309",14,0,0,2020-03-31 00:00:00
"0309",17,0,0,2020-04-01 00:00:00
"0309",17,0,0,2020-04-02 00:00:00
"0309",17,0,0,2020-04-03 00:00:00
"0309",21,0,0,2020-04-04 00:00:00
"0309",21,0,0,2020-04-05 00:00:00
"0309",21,0,0,2020-04-06 00:00:00
"0309",23,0,0,2020-04-07 00:00:00
"0309",23,0,0,2020-04-08 00:00:00
"0309",25,0,0,2020-04-09 00:00:00
"0309",25,0,0,2020-04-10 00:00:00
"0309",27,0,0,2020-04-11 00:00:00
"0310",3,0,0,2020-04-05 00:00:00
"0310",3,0,0,2020-04-06 00:00:00
"0310",4,0,0,2020-04-07 00:00:00
"0310",4,0,0,2020-04-08 00:00:00
"0310",6,0,0,2020-04-09 00:00:00
"0310",6,0,0,2020-04-10 00:00:00
"0310",6,0,0,2020-04-11 00:00:00
"0311",3,0,0,2020-03-30 00:00:00
"0311",3,0,0,2020-03-31 00:00:00
"0311",4,0,0,2020-04-01 00:00:00
"0311",6,0,0,2020-04-02 00:00:00
"0311",6,0,0,2020-04-03 00:00:00
"0311",8,0,0,2020-04-04 00:00:00
"0311",9,0,0,2020-04-05 00:00:00
"0311",9,0,0,2020-04-06 00:00:00
"0311",9,0,0,2020-04-07 00:00:00
"0311",11,0,0,2020-04-08 00:00:00
"0311",13,0,0,2020-04-09 00:00:00
"0311",13,0,0,2020-04-10 00:00:00
"0311",13,0,0,2020-04-11 00:00:00
"0312",12,0,0,2020-03-24 00:00:00
"0312",14,0,0,2020-03-25 00:00:00
"0312",44,0,0,2020-03-26 00:00:00
"0312",48,0,0,2020-03-27 00:00:00
"0312",48,0,0,2020-03-28 00:00:00
"0312",61,0,0,2020-03-29 00:00:00
"0312",71,0,0,2020-03-30 00:00:00
"0312",93,0,0,2020-03-31 00:00:00
"0312",99,0,0,2020-04-01 00:00:00
"0312",107,0,0,2020-04-02 00:00:00
"0312",110,0,0,2020-04-03 00:00:00
"0312",121,0,0,2020-04-04 00:00:00
"0312",143,0,0,2020-04-05 00:00:00
"0312",145,0,0,2020-04-06 00:00:00
"0312",150,0,0,2020-04-07 00:00:00
"0312",154,0,0,2020-04-08 00:00:00
"0312",168,0,0,2020-04-09 00:00:00
"0312",180,0,0,2020-04-10 00:00:00
"0312",193,0,0,2020-04-11 00:00:00
"0313",5,0,0,2020-03-27 00:00:00
"0313",10,0,0,2020-03-28 00:00:00
"0313",14,0,0,2020-03-29 00:00:00
"0313",15,0,0,2020-03-30 00:00:00
"0313",25,0,0,2020-03-31 00:00:00
"0313",30,0,0,2020-04-01 00:00:00
"0313",36,0,0,2020-04-02 00:00:00
"0313",41,0,0,2020-04-03 00:00:00
"0313",41,0,0,2020-04-04 00:00:00
"0313",43,0,0,2020-04-05 00:00:00
"0313",44,0,0,2020-04-06 00:00:00
"0313",48,0,0,2020-04-07 00:00:00
"0313",49,0,0,2020-04-08 00:00:00
"0313",57,0,0,2020-04-09 00:00:00
"0313",57,0,0,2020-04-10 00:00:00
"0313",62,0,0,2020-04-11 00:00:00
"0314",3,0,0,2020-03-27 00:00:00
"0314",4,0,0,2020-03-28 00:00:00
"0314",5,0,0,2020-03-29 00:00:00
"0314",5,0,0,2020-03-30 00:00:00
"0314",8,0,0,2020-03-31 00:00:00
"0314",11,0,0,2020-04-01 00:00:00
"0314",11,0,0,2020-04-02 00:00:00
"0314",11,0,0,2020-04-03 00:00:00
"0314",12,0,0,2020-04-04 00:00:00
"0314",15,0,0,2020-04-05 00:00:00
"0314",15,0,0,2020-04-06 00:00:00
"0314",17,0,0,2020-04-07 00:00:00
"0314",17,0,0,2020-04-08 00:00:00
"0314",19,0,0,2020-04-09 00:00:00
"0314",20,0,0,2020-04-10 00:00:00
"0314",21,0,0,2020-04-11 00:00:00
"0402",4,0,0,2020-03-24 00:00:00
"0402",4,0,0,2020-03-25 00:00:00
"0402",19,0,0,2020-03-26 00:00:00
"0402",20,0,0,2020-03-27 00:00:00
"0402",25,0,0,2020-03-28 00:00:00
"0402",38,0,0,2020-03-29 00:00:00
"0402",44,0,0,2020-03-30 00:00:00
"0402",48,0,0,2020-03-31 00:00:00
"0402",49,0,0,2020-04-01 00:00:00
"0402",52,0,0,2020-04-02 00:00:00
"0402",53,0,0,2020-04-03 00:00:00
"0402",52,0,0,2020-04-04 00:00:00
"0402",64,0,0,2020-04-05 00:00:00
"0402",65,0,0,2020-04-06 00:00:00
"0402",71,0,0,2020-04-07 00:00:00
"0402",71,0,0,2020-04-08 00:00:00
"0402",76,0,0,2020-04-09 00:00:00
"0402",75,0,0,2020-04-10 00:00:00
"0402",82,0,0,2020-04-11 00:00:00
"0403",3,0,0,2020-03-28 00:00:00
"0403",3,0,0,2020-03-29 00:00:00
"0403",3,0,0,2020-03-30 00:00:00
"0403",3,0,0,2020-03-31 00:00:00
"0403",3,0,0,2020-04-01 00:00:00
"0403",3,0,0,2020-04-02 00:00:00
"0403",3,0,0,2020-04-03 00:00:00
"0403",3,0,0,2020-04-04 00:00:00
"0403",3,0,0,2020-04-05 00:00:00
"0403",3,0,0,2020-04-06 00:00:00
"0403",4,0,0,2020-04-07 00:00:00
"0403",4,0,0,2020-04-08 00:00:00
"0403",5,0,0,2020-04-09 00:00:00
"0403",5,0,0,2020-04-10 00:00:00
"0403",5,0,0,2020-04-11 00:00:00
"0405",3,0,0,2020-03-26 00:00:00
"0405",4,0,0,2020-03-27 00:00:00
"0405",4,0,0,2020-03-28 00:00:00
"0405",5,0,0,2020-03-29 00:00:00
"0405",7,0,0,2020-03-30 00:00:00
"0405",7,0,0,2020-03-31 00:00:00
"0405",7,0,0,2020-04-01 00:00:00
"0405",8,0,0,2020-04-02 00:00:00
"0405",8,0,0,2020-04-03 00:00:00
"0405",8,0,0,2020-04-04 00:00:00
"0405",10,0,0,2020-04-05 00:00:00
"0405",10,0,0,2020-04-06 00:00:00
"0405",13,0,0,2020-04-07 00:00:00
"0405",13,0,0,2020-04-08 00:00:00
"0405",16,0,0,2020-04-09 00:00:00
"0405",17,0,0,2020-04-10 00:00:00
"0405",17,0,0,2020-04-11 00:00:00
"0406",3,0,0,2020-04-09 00:00:00
"0406",4,0,0,2020-04-10 00:00:00
"0406",4,0,0,2020-04-11 00:00:00
"0407",3,0,0,2020-03-24 00:00:00
"0407",3,0,0,2020-03-25 00:00:00
"0407",5,0,0,2020-03-26 00:00:00
"0407",6,0,0,2020-03-27 00:00:00
"0407",8,0,0,2020-03-28 00:00:00
"0407",10,0,0,2020-03-29 00:00:00
"0407",10,0,0,2020-03-30 00:00:00
"0407",11,0,0,2020-03-31 00:00:00
"0407",11,0,0,2020-04-01 00:00:00
"0407",11,0,0,2020-04-02 00:00:00
"0407",11,0,0,2020-04-03 00:00:00
"0407",12,0,0,2020-04-04 00:00:00
"0407",14,0,0,2020-04-05 00:00:00
"0407",14,0,0,2020-04-06 00:00:00
"0407",14,0,0,2020-04-07 00:00:00
"0407",15,0,0,2020-04-08 00:00:00
"0407",13,0,0,2020-04-09 00:00:00
"0407",15,0,0,2020-04-10 00:00:00
"0407",17,0,0,2020-04-11 00:00:00
"0409",3,0,0,2020-03-27 00:00:00
"0409",3,0,0,2020-03-28 00:00:00
"0409",3,0,0,2020-03-30 00:00:00
"0409",12,0,0,2020-04-05 00:00:00
"0409",12,0,0,2020-04-06 00:00:00
"0409",18,0,0,2020-04-07 00:00:00
"0409",18,0,0,2020-04-08 00:00:00
"0409",19,0,0,2020-04-09 00:00:00
"0409",19,0,0,2020-04-10 00:00:00
"0409",21,0,0,2020-04-11 00:00:00
"0410",3,0,0,2020-04-05 00:00:00
"0410",3,0,0,2020-04-06 00:00:00
"0410",5,0,0,2020-04-07 00:00:00
"0410",5,0,0,2020-04-08 00:00:00
"0410",5,0,0,2020-04-09 00:00:00
"0410",5,0,0,2020-04-10 00:00:00
"0410",5,0,0,2020-04-11 00:00:00
"0411",3,0,0,2020-03-29 00:00:00
"0411",3,0,0,2020-03-30 00:00:00
"0411",3,0,0,2020-03-31 00:00:00
"0411",4,0,0,2020-04-01 00:00:00
"0411",4,0,0,2020-04-02 00:00:00
"0411",4,0,0,2020-04-03 00:00:00
"0411",4,0,0,2020-04-04 00:00:00
"0411",6,0,0,2020-04-05 00:00:00
"0411",7,0,0,2020-04-06 00:00:00
"0411",7,0,0,2020-04-07 00:00:00
"0411",7,0,0,2020-04-08 00:00:00
"0411",7,0,0,2020-04-09 00:00:00
"0411",7,0,0,2020-04-10 00:00:00
"0411",8,0,0,2020-04-11 00:00:00
"0412",5,0,0,2020-04-03 00:00:00
"0412",5,0,0,2020-04-04 00:00:00
"0412",9,0,0,2020-04-05 00:00:00
"0412",9,0,0,2020-04-06 00:00:00
"0412",9,0,0,2020-04-07 00:00:00
"0412",9,0,0,2020-04-08 00:00:00
"0412",10,0,0,2020-04-09 00:00:00
"0412",10,0,0,2020-04-10 00:00:00
"0412",10,0,0,2020-04-11 00:00:00
"0503",3,0,0,2020-04-08 00:00:00
"0503",5,0,0,2020-04-09 00:00:00
"0503",5,0,0,2020-04-10 00:00:00
"0503",5,0,0,2020-04-11 00:00:00
"0601",3,0,0,2020-04-09 00:00:00
"0601",3,0,0,2020-04-10 00:00:00
"0601",3,0,0,2020-04-11 00:00:00
"0602",4,0,0,2020-03-26 00:00:00
"0602",4,0,0,2020-03-27 00:00:00
"0602",7,0,0,2020-03-28 00:00:00
"0602",8,0,0,2020-03-29 00:00:00
"0602",8,0,0,2020-03-30 00:00:00
"0602",11,0,0,2020-03-31 00:00:00
"0602",15,0,0,2020-04-01 00:00:00
"0602",18,0,0,2020-04-02 00:00:00
"0602",19,0,0,2020-04-03 00:00:00
"0602",22,0,0,2020-04-04 00:00:00
"0602",22,0,0,2020-04-05 00:00:00
"0602",22,0,0,2020-04-06 00:00:00
"0602",22,0,0,2020-04-07 00:00:00
"0602",24,0,0,2020-04-08 00:00:00
"0602",26,0,0,2020-04-09 00:00:00
"0602",28,0,0,2020-04-10 00:00:00
"0602",28,0,0,2020-04-11 00:00:00
"0603",34,0,0,2020-03-24 00:00:00
"0603",41,0,0,2020-03-25 00:00:00
"0603",87,0,0,2020-03-26 00:00:00
"0603",109,0,0,2020-03-27 00:00:00
"0603",110,0,0,2020-03-28 00:00:00
"0603",199,0,0,2020-03-29 00:00:00
"0603",229,0,0,2020-03-30 00:00:00
"0603",157,0,0,2020-03-31 00:00:00
"0603",164,0,0,2020-04-01 00:00:00
"0603",178,0,0,2020-04-02 00:00:00
"0603",201,0,0,2020-04-03 00:00:00
"0603",216,0,0,2020-04-04 00:00:00
"0603",216,0,0,2020-04-05 00:00:00
"0603",222,0,0,2020-04-06 00:00:00
"0603",233,0,0,2020-04-07 00:00:00
"0603",237,0,0,2020-04-08 00:00:00
"0603",258,0,0,2020-04-09 00:00:00
"0603",266,0,0,2020-04-10 00:00:00
"0603",265,0,0,2020-04-11 00:00:00
"0604",3,0,0,2020-03-24 00:00:00
"0604",3,0,0,2020-03-25 00:00:00
"0604",4,0,0,2020-03-26 00:00:00
"0604",5,0,0,2020-03-27 00:00:00
"0604",6,0,0,2020-03-28 00:00:00
"0604",13,0,0,2020-03-29 00:00:00
"0604",15,0,0,2020-03-30 00:00:00
"0604",19,0,0,2020-03-31 00:00:00
"0604",20,0,0,2020-04-01 00:00:00
"0604",24,0,0,2020-04-02 00:00:00
"0604",28,0,0,2020-04-03 00:00:00
"0604",29,0,0,2020-04-04 00:00:00
"0604",29,0,0,2020-04-05 00:00:00
"0604",29,0,0,2020-04-06 00:00:00
"0604",36,0,0,2020-04-07 00:00:00
"0604",36,0,0,2020-04-08 00:00:00
"0604",38,0,0,2020-04-09 00:00:00
"0604",38,0,0,2020-04-10 00:00:00
"0604",40,0,0,2020-04-11 00:00:00
"0605",3,0,0,2020-03-27 00:00:00
"0605",3,0,0,2020-03-28 00:00:00
"0605",3,0,0,2020-03-29 00:00:00
"0605",7,0,0,2020-03-30 00:00:00
"0605",3,0,0,2020-03-31 00:00:00
"0605",3,0,0,2020-04-01 00:00:00
"0605",4,0,0,2020-04-02 00:00:00
"0605",7,0,0,2020-04-03 00:00:00
"0605",9,0,0,2020-04-04 00:00:00
"0605",9,0,0,2020-04-05 00:00:00
"0605",9,0,0,2020-04-06 00:00:00
"0605",9,0,0,2020-04-07 00:00:00
"0605",10,0,0,2020-04-08 00:00:00
"0605",12,0,0,2020-04-09 00:00:00
"0605",13,0,0,2020-04-10 00:00:00
"0605",12,0,0,2020-04-11 00:00:00
"0606",3,0,0,2020-03-30 00:00:00
"0606",3,0,0,2020-03-31 00:00:00
"0606",3,0,0,2020-04-01 00:00:00
"0606",3,0,0,2020-04-02 00:00:00
"0606",4,0,0,2020-04-03 00:00:00
"0606",4,0,0,2020-04-04 00:00:00
"0606",4,0,0,2020-04-05 00:00:00
"0606",4,0,0,2020-04-06 00:00:00
"0606",4,0,0,2020-04-07 00:00:00
"0606",5,0,0,2020-04-08 00:00:00
"0606",5,0,0,2020-04-09 00:00:00
"0606",5,0,0,2020-04-10 00:00:00
"0606",5,0,0,2020-04-11 00:00:00
"0607",3,0,0,2020-03-29 00:00:00
"0607",4,0,0,2020-03-30 00:00:00
"0607",5,0,0,2020-03-31 00:00:00
"0607",6,0,0,2020-04-01 00:00:00
"0607",7,0,0,2020-04-02 00:00:00
"0607",7,0,0,2020-04-03 00:00:00
"0607",7,0,0,2020-04-04 00:00:00
"0607",7,0,0,2020-04-05 00:00:00
"0607",7,0,0,2020-04-06 00:00:00
"0607",7,0,0,2020-04-07 00:00:00
"0607",7,0,0,2020-04-08 00:00:00
"0607",7,0,0,2020-04-09 00:00:00
"0607",7,0,0,2020-04-10 00:00:00
"0607",7,0,0,2020-04-11 00:00:00
"0609",3,0,0,2020-03-29 00:00:00
"0609",4,0,0,2020-03-30 00:00:00
"0609",3,0,0,2020-03-31 00:00:00
"0609",5,0,0,2020-04-01 00:00:00
"0609",6,0,0,2020-04-02 00:00:00
"0609",6,0,0,2020-04-03 00:00:00
"0609",6,0,0,2020-04-04 00:00:00
"0609",6,0,0,2020-04-05 00:00:00
"0609",6,0,0,2020-04-06 00:00:00
"0609",7,0,0,2020-04-07 00:00:00
"0609",7,0,0,2020-04-08 00:00:00
"0609",8,0,0,2020-04-09 00:00:00
"0609",8,0,0,2020-04-10 00:00:00
"0609",8,0,0,2020-04-11 00:00:00
"0610",4,0,0,2020-03-26 00:00:00
"0610",8,0,0,2020-03-27 00:00:00
"0610",8,0,0,2020-03-28 00:00:00
"0610",10,0,0,2020-03-29 00:00:00
"0610",12,0,0,2020-03-30 00:00:00
"0610",12,0,0,2020-03-31 00:00:00
"0610",13,0,0,2020-04-01 00:00:00
"0610",13,0,0,2020-04-02 00:00:00
"0610",14,0,0,2020-04-03 00:00:00
"0610",14,0,0,2020-04-04 00:00:00
"0610",14,0,0,2020-04-05 00:00:00
"0610",14,0,0,2020-04-06 00:00:00
"0610",14,0,0,2020-04-07 00:00:00
"0610",14,0,0,2020-04-08 00:00:00
"0610",14,0,0,2020-04-09 00:00:00
"0610",14,0,0,2020-04-10 00:00:00
"0610",14,0,0,2020-04-11 00:00:00
"0611",3,0,0,2020-04-06 00:00:00
"0611",3,0,0,2020-04-09 00:00:00
"0611",4,0,0,2020-04-10 00:00:00
"0611",4,0,0,2020-04-11 00:00:00
"0613",4,0,0,2020-03-27 00:00:00
"0613",3,0,0,2020-03-28 00:00:00
"0613",3,0,0,2020-03-29 00:00:00
"0613",5,0,0,2020-03-30 00:00:00
"0613",5,0,0,2020-03-31 00:00:00
"0613",5,0,0,2020-04-01 00:00:00
"0613",6,0,0,2020-04-02 00:00:00
"0613",5,0,0,2020-04-02 00:00:00
"0613",7,0,0,2020-04-03 00:00:00
"0613",7,0,0,2020-04-04 00:00:00
"0613",7,0,0,2020-04-05 00:00:00
"0613",7,0,0,2020-04-06 00:00:00
"0613",8,0,0,2020-04-07 00:00:00
"0613",8,0,0,2020-04-08 00:00:00
"0613",8,0,0,2020-04-09 00:00:00
"0613",9,0,0,2020-04-10 00:00:00
"0613",9,0,0,2020-04-11 00:00:00
"0615",3,0,0,2020-03-24 00:00:00
"0615",3,0,0,2020-03-25 00:00:00
"0615",7,0,0,2020-03-26 00:00:00
"0615",7,0,0,2020-03-27 00:00:00
"0615",7,0,0,2020-03-28 00:00:00
"0615",6,0,0,2020-03-29 00:00:00
"0615",8,0,0,2020-03-30 00:00:00
"0615",7,0,0,2020-03-31 00:00:00
"0615",8,0,0,2020-04-01 00:00:00
"0615",8,0,0,2020-04-02 00:00:00
"0615",8,0,0,2020-04-03 00:00:00
"0615",8,0,0,2020-04-04 00:00:00
"0615",8,0,0,2020-04-05 00:00:00
"0615",8,0,0,2020-04-06 00:00:00
"0615",8,0,0,2020-04-07 00:00:00
"0615",8,0,0,2020-04-08 00:00:00
"0615",10,0,0,2020-04-09 00:00:00
"0615",11,0,0,2020-04-10 00:00:00
"0615",12,0,0,2020-04-11 00:00:00
"0616",3,0,0,2020-04-09 00:00:00
"0616",4,0,0,2020-04-10 00:00:00
"0616",4,0,0,2020-04-11 00:00:00
"0617",3,0,0,2020-03-31 00:00:00
"0617",3,0,0,2020-04-01 00:00:00
"0617",3,0,0,2020-04-02 00:00:00
"0617",3,0,0,2020-04-03 00:00:00
"0617",3,0,0,2020-04-04 00:00:00
"0617",3,0,0,2020-04-05 00:00:00
"0617",3,0,0,2020-04-06 00:00:00
"0617",3,0,0,2020-04-07 00:00:00
"0617",3,0,0,2020-04-08 00:00:00
"0617",3,0,0,2020-04-09 00:00:00
"0617",3,0,0,2020-04-10 00:00:00
"0617",3,0,0,2020-04-11 00:00:00
"0705",4,0,0,2020-03-24 00:00:00
"0705",5,0,0,2020-03-25 00:00:00
"0705",8,0,0,2020-03-26 00:00:00
"0705",8,0,0,2020-03-27 00:00:00
"0705",12,0,0,2020-03-28 00:00:00
"0705",20,0,0,2020-03-29 00:00:00
"0705",21,0,0,2020-03-30 00:00:00
"0705",15,0,0,2020-03-31 00:00:00
"0705",15,0,0,2020-04-01 00:00:00
"0705",15,0,0,2020-04-02 00:00:00
"0705",15,0,0,2020-04-03 00:00:00
"0705",15,0,0,2020-04-04 00:00:00
"0705",15,0,0,2020-04-05 00:00:00
"0705",15,0,0,2020-04-06 00:00:00
"0705",15,0,0,2020-04-07 00:00:00
"0705",17,0,0,2020-04-08 00:00:00
"0705",21,0,0,2020-04-09 00:00:00
"0705",21,0,0,2020-04-10 00:00:00
"0705",21,0,0,2020-04-11 00:00:00
"0711",3,0,0,2020-03-28 00:00:00
"0711",3,0,0,2020-03-29 00:00:00
"0711",4,0,0,2020-03-30 00:00:00
"0711",3,0,0,2020-03-31 00:00:00
"0711",5,0,0,2020-04-01 00:00:00
"0711",5,0,0,2020-04-02 00:00:00
"0711",7,0,0,2020-04-03 00:00:00
"0711",7,0,0,2020-04-04 00:00:00
"0711",8,0,0,2020-04-05 00:00:00
"0711",8,0,0,2020-04-06 00:00:00
"0711",8,0,0,2020-04-07 00:00:00
"0711",8,0,0,2020-04-08 00:00:00
"0711",8,0,0,2020-04-09 00:00:00
"0711",8,0,0,2020-04-10 00:00:00
"0711",8,0,0,2020-04-11 00:00:00
"0801",5,0,0,2020-03-24 00:00:00
"0801",8,0,0,2020-03-25 00:00:00
"0801",18,0,0,2020-03-26 00:00:00
"0801",22,0,0,2020-03-27 00:00:00
"0801",22,0,0,2020-03-28 00:00:00
"0801",19,0,0,2020-03-29 00:00:00
"0801",21,0,0,2020-03-30 00:00:00
"0801",30,0,0,2020-03-31 00:00:00
"0801",31,0,0,2020-04-01 00:00:00
"0801",34,0,0,2020-04-02 00:00:00
"0801",38,0,0,2020-04-03 00:00:00
"0801",39,0,0,2020-04-04 00:00:00
"0801",40,0,0,2020-04-05 00:00:00
"0801",44,0,0,2020-04-06 00:00:00
"0801",46,0,0,2020-04-07 00:00:00
"0801",45,0,0,2020-04-08 00:00:00
"0801",50,0,0,2020-04-09 00:00:00
"0801",54,0,0,2020-04-10 00:00:00
"0801",52,0,0,2020-04-11 00:00:00
"0805",8,0,0,2020-03-24 00:00:00
"0805",9,0,0,2020-03-25 00:00:00
"0805",25,0,0,2020-03-26 00:00:00
"0805",26,0,0,2020-03-27 00:00:00
"0805",26,0,0,2020-03-28 00:00:00
"0805",20,0,0,2020-03-29 00:00:00
"0805",21,0,0,2020-03-30 00:00:00
"0805",26,0,0,2020-03-31 00:00:00
"0805",28,0,0,2020-04-01 00:00:00
"0805",32,0,0,2020-04-02 00:00:00
"0805",34,0,0,2020-04-03 00:00:00
"0805",36,0,0,2020-04-04 00:00:00
"0805",37,0,0,2020-04-05 00:00:00
"0805",39,0,0,2020-04-06 00:00:00
"0805",39,0,0,2020-04-07 00:00:00
"0805",39,0,0,2020-04-08 00:00:00
"0805",42,0,0,2020-04-09 00:00:00
"0805",44,0,0,2020-04-10 00:00:00
"0805",42,0,0,2020-04-11 00:00:00
"0806",3,0,0,2020-03-24 00:00:00
"0806",3,0,0,2020-03-25 00:00:00
"0806",3,0,0,2020-03-28 00:00:00
"0806",3,0,0,2020-04-05 00:00:00
"0806",3,0,0,2020-04-06 00:00:00
"0806",3,0,0,2020-04-07 00:00:00
"0806",3,0,0,2020-04-09 00:00:00
"0806",3,0,0,2020-04-10 00:00:00
"0806",3,0,0,2020-04-11 00:00:00
"0807",4,0,0,2020-03-26 00:00:00
"0807",18,0,0,2020-03-29 00:00:00
"0807",18,0,0,2020-03-30 00:00:00
"0807",3,0,0,2020-04-05 00:00:00
"0807",3,0,0,2020-04-06 00:00:00
"0807",3,0,0,2020-04-07 00:00:00
"0807",3,0,0,2020-04-08 00:00:00
"0807",3,0,0,2020-04-09 00:00:00
"0807",3,0,0,2020-04-10 00:00:00
"0807",3,0,0,2020-04-11 00:00:00
"0808",8,0,0,2020-03-26 00:00:00
"0808",14,0,0,2020-03-27 00:00:00
"0808",13,0,0,2020-03-28 00:00:00
"0808",15,0,0,2020-03-29 00:00:00
"0808",17,0,0,2020-03-30 00:00:00
"0808",23,0,0,2020-03-31 00:00:00
"0808",25,0,0,2020-04-01 00:00:00
"0808",25,0,0,2020-04-02 00:00:00
"0808",26,0,0,2020-04-03 00:00:00
"0808",26,0,0,2020-04-04 00:00:00
"0808",33,0,0,2020-04-05 00:00:00
"0808",39,0,0,2020-04-06 00:00:00
"0808",41,0,0,2020-04-07 00:00:00
"0808",41,0,0,2020-04-08 00:00:00
"0808",41,0,0,2020-04-09 00:00:00
"0808",42,0,0,2020-04-10 00:00:00
"0808",41,0,0,2020-04-11 00:00:00
"0810",3,0,0,2020-03-29 00:00:00
"0810",3,0,0,2020-03-30 00:00:00
"0810",3,0,0,2020-03-31 00:00:00
"0810",5,0,0,2020-04-01 00:00:00
"0810",5,0,0,2020-04-02 00:00:00
"0810",7,0,0,2020-04-03 00:00:00
"0810",7,0,0,2020-04-04 00:00:00
"0810",7,0,0,2020-04-05 00:00:00
"0810",9,0,0,2020-04-06 00:00:00
"0810",9,0,0,2020-04-07 00:00:00
"0810",9,0,0,2020-04-08 00:00:00
"0810",9,0,0,2020-04-09 00:00:00
"0810",10,0,0,2020-04-10 00:00:00
"0810",11,0,0,2020-04-11 00:00:00
"0811",8,0,0,2020-03-24 00:00:00
"0811",7,0,0,2020-03-25 00:00:00
"0811",16,0,0,2020-03-26 00:00:00
"0811",17,0,0,2020-03-27 00:00:00
"0811",17,0,0,2020-03-28 00:00:00
"0811",18,0,0,2020-03-29 00:00:00
"0811",19,0,0,2020-03-30 00:00:00
"0811",21,0,0,2020-03-31 00:00:00
"0811",22,0,0,2020-04-01 00:00:00
"0811",21,0,0,2020-04-02 00:00:00
"0811",23,0,0,2020-04-03 00:00:00
"0811",22,0,0,2020-04-04 00:00:00
"0811",23,0,0,2020-04-05 00:00:00
"0811",24,0,0,2020-04-06 00:00:00
"0811",25,0,0,2020-04-07 00:00:00
"0811",25,0,0,2020-04-08 00:00:00
"0811",29,0,0,2020-04-09 00:00:00
"0811",30,0,0,2020-04-10 00:00:00
"0811",29,0,0,2020-04-11 00:00:00
"0813",3,0,0,2020-03-24 00:00:00
"0813",3,0,0,2020-03-25 00:00:00
"0813",5,0,0,2020-03-26 00:00:00
"0813",5,0,0,2020-03-27 00:00:00
"0813",5,0,0,2020-03-28 00:00:00
"0813",5,0,0,2020-03-29 00:00:00
"0813",5,0,0,2020-03-30 00:00:00
"0813",6,0,0,2020-03-31 00:00:00
"0813",6,0,0,2020-04-01 00:00:00
"0813",7,0,0,2020-04-02 00:00:00
"0813",7,0,0,2020-04-03 00:00:00
"0813",10,0,0,2020-04-04 00:00:00
"0813",10,0,0,2020-04-05 00:00:00
"0813",11,0,0,2020-04-06 00:00:00
"0813",11,0,0,2020-04-07 00:00:00
"0813",10,0,0,2020-04-08 00:00:00
"0813",15,0,0,2020-04-09 00:00:00
"0813",16,0,0,2020-04-10 00:00:00
"0813",15,0,0,2020-04-11 00:00:00
"0814",3,0,0,2020-03-31 00:00:00
"0814",3,0,0,2020-04-01 00:00:00
"0814",3,0,0,2020-04-02 00:00:00
"0814",3,0,0,2020-04-03 00:00:00
"0814",6,0,0,2020-04-04 00:00:00
"0814",11,0,0,2020-04-05 00:00:00
"0814",24,0,0,2020-04-06 00:00:00
"0814",24,0,0,2020-04-07 00:00:00
"0814",24,0,0,2020-04-08 00:00:00
"0814",25,0,0,2020-04-09 00:00:00
"0814",25,0,0,2020-04-10 00:00:00
"0814",26,0,0,2020-04-11 00:00:00
"0816",3,0,0,2020-03-26 00:00:00
"0816",5,0,0,2020-03-27 00:00:00
"0816",5,0,0,2020-03-28 00:00:00
"0816",5,0,0,2020-03-29 00:00:00
"0816",5,0,0,2020-03-30 00:00:00
"0816",9,0,0,2020-03-31 00:00:00
"0816",9,0,0,2020-04-01 00:00:00
"0816",11,0,0,2020-04-02 00:00:00
"0816",11,0,0,2020-04-03 00:00:00
"0816",15,0,0,2020-04-05 00:00:00
"0816",15,0,0,2020-04-06 00:00:00
"0816",15,0,0,2020-04-07 00:00:00
"0816",15,0,0,2020-04-08 00:00:00
"0816",13,0,0,2020-04-09 00:00:00
"0816",13,0,0,2020-04-10 00:00:00
"0816",13,0,0,2020-04-11 00:00:00
"0902",3,0,0,2020-03-27 00:00:00
"0902",3,0,0,2020-03-28 00:00:00
"0902",6,0,0,2020-03-30 00:00:00
"0902",5,0,0,2020-04-09 00:00:00
"0902",6,0,0,2020-04-10 00:00:00
"0902",6,0,0,2020-04-11 00:00:00
"0903",6,0,0,2020-04-09 00:00:00
"0903",6,0,0,2020-04-10 00:00:00
"0903",7,0,0,2020-04-11 00:00:00
"0904",3,0,0,2020-04-09 00:00:00
"0904",3,0,0,2020-04-10 00:00:00
"0904",3,0,0,2020-04-11 00:00:00
"0906",3,0,0,2020-04-03 00:00:00
"0906",11,0,0,2020-04-09 00:00:00
"0906",12,0,0,2020-04-10 00:00:00
"0906",12,0,0,2020-04-11 00:00:00
"0907",3,0,0,2020-03-24 00:00:00
"0907",3,0,0,2020-03-25 00:00:00
"0907",4,0,0,2020-03-30 00:00:00
"0907",3,0,0,2020-03-31 00:00:00
"0907",3,0,0,2020-04-01 00:00:00
"0907",3,0,0,2020-04-02 00:00:00
"0907",4,0,0,2020-04-03 00:00:00
"0907",4,0,0,2020-04-04 00:00:00
"0907",4,0,0,2020-04-05 00:00:00
"0907",5,0,0,2020-04-06 00:00:00
"0907",3,0,0,2020-04-07 00:00:00
"0907",3,0,0,2020-04-08 00:00:00
"0907",14,0,0,2020-04-09 00:00:00
"0907",14,0,0,2020-04-10 00:00:00
"0907",15,0,0,2020-04-11 00:00:00
"0910",8,0,0,2020-04-09 00:00:00
"0910",9,0,0,2020-04-10 00:00:00
"0910",9,0,0,2020-04-11 00:00:00
"0912",4,0,0,2020-03-30 00:00:00
"0912",5,0,0,2020-04-09 00:00:00
"0912",5,0,0,2020-04-10 00:00:00
"0912",5,0,0,2020-04-11 00:00:00
"0913",5,0,0,2020-03-30 00:00:00
"0913",3,0,0,2020-04-01 00:00:00
"0913",4,0,0,2020-04-08 00:00:00
"0913",10,0,0,2020-04-09 00:00:00
"0913",10,0,0,2020-04-10 00:00:00
"0913",11,0,0,2020-04-11 00:00:00
"0914",19,0,0,2020-03-30 00:00:00
"0914",7,0,0,2020-04-07 00:00:00
"0914",7,0,0,2020-04-08 00:00:00
"0914",69,0,0,2020-04-09 00:00:00
"0914",70,0,0,2020-04-10 00:00:00
"0914",70,0,0,2020-04-11 00:00:00
"1001",3,0,0,2020-04-01 00:00:00
"1001",3,0,0,2020-04-02 00:00:00
"1001",3,0,0,2020-04-03 00:00:00
"1001",5,0,0,2020-04-04 00:00:00
"1001",5,0,0,2020-04-05 00:00:00
"1001",6,0,0,2020-04-06 00:00:00
"1001",7,0,0,2020-04-07 00:00:00
"1001",7,0,0,2020-04-08 00:00:00
"1001",7,0,0,2020-04-09 00:00:00
"1001",7,0,0,2020-04-10 00:00:00
"1001",7,0,0,2020-04-11 00:00:00
"1002",3,0,0,2020-03-26 00:00:00
"1002",3,0,0,2020-03-27 00:00:00
"1002",4,0,0,2020-03-28 00:00:00
"1002",4,0,0,2020-03-29 00:00:00
"1002",4,0,0,2020-03-30 00:00:00
"1002",4,0,0,2020-03-31 00:00:00
"1002",5,0,0,2020-04-01 00:00:00
"1002",5,0,0,2020-04-02 00:00:00
"1002",17,0,0,2020-04-03 00:00:00
"1002",22,0,0,2020-04-04 00:00:00
"1002",22,0,0,2020-04-05 00:00:00
"1002",22,0,0,2020-04-06 00:00:00
"1002",22,0,0,2020-04-07 00:00:00
"1002",22,0,0,2020-04-08 00:00:00
"1002",22,0,0,2020-04-09 00:00:00
"1002",22,0,0,2020-04-10 00:00:00
"1002",22,0,0,2020-04-11 00:00:00
"1003",3,0,0,2020-04-04 00:00:00
"1003",3,0,0,2020-04-05 00:00:00
"1003",3,0,0,2020-04-06 00:00:00
"1003",4,0,0,2020-04-07 00:00:00
"1003",4,0,0,2020-04-08 00:00:00
"1003",4,0,0,2020-04-09 00:00:00
"1003",4,0,0,2020-04-10 00:00:00
"1003",4,0,0,2020-04-11 00:00:00
"1004",4,0,0,2020-04-03 00:00:00
"1004",4,0,0,2020-04-04 00:00:00
"1004",4,0,0,2020-04-05 00:00:00
"1004",4,0,0,2020-04-06 00:00:00
"1004",4,0,0,2020-04-07 00:00:00
"1004",4,0,0,2020-04-08 00:00:00
"1004",4,0,0,2020-04-09 00:00:00
"1004",4,0,0,2020-04-10 00:00:00
"1004",4,0,0,2020-04-11 00:00:00
"1005",3,0,0,2020-04-04 00:00:00
"1005",3,0,0,2020-04-05 00:00:00
"1005",3,0,0,2020-04-06 00:00:00
"1005",4,0,0,2020-04-07 00:00:00
"1005",4,0,0,2020-04-08 00:00:00
"1005",3,0,0,2020-04-09 00:00:00
"1005",3,0,0,2020-04-10 00:00:00
"1006",8,0,0,2020-03-28 00:00:00
"1006",3,0,0,2020-03-29 00:00:00
"1006",8,0,0,2020-03-30 00:00:00
"1006",4,0,0,2020-04-09 00:00:00
"1006",4,0,0,2020-04-10 00:00:00
"1006",6,0,0,2020-04-11 00:00:00
"1008",3,0,0,2020-04-03 00:00:00
"1008",3,0,0,2020-04-06 00:00:00
"1008",3,0,0,2020-04-07 00:00:00
"1008",3,0,0,2020-04-08 00:00:00
"1008",4,0,0,2020-04-09 00:00:00
"1008",4,0,0,2020-04-10 00:00:00
"1008",4,0,0,2020-04-11 00:00:00
"1009",7,0,0,2020-03-26 00:00:00
"1009",7,0,0,2020-03-27 00:00:00
"1009",7,0,0,2020-03-28 00:00:00
"1009",10,0,0,2020-03-29 00:00:00
"1009",10,0,0,2020-03-30 00:00:00
"1009",6,0,0,2020-03-31 00:00:00
"1009",18,0,0,2020-04-01 00:00:00
"1009",19,0,0,2020-04-02 00:00:00
"1009",21,0,0,2020-04-03 00:00:00
"1009",22,0,0,2020-04-04 00:00:00
"1009",22,0,0,2020-04-05 00:00:00
"1009",22,0,0,2020-04-06 00:00:00
"1009",25,0,0,2020-04-07 00:00:00
"1009",25,0,0,2020-04-08 00:00:00
"1009",29,0,0,2020-04-09 00:00:00
"1009",32,0,0,2020-04-10 00:00:00
"1009",36,0,0,2020-04-11 00:00:00
"1010",6,0,0,2020-03-26 00:00:00
"1010",6,0,0,2020-03-27 00:00:00
"1010",7,0,0,2020-03-28 00:00:00
"1010",7,0,0,2020-03-29 00:00:00
"1010",7,0,0,2020-03-30 00:00:00
"1010",7,0,0,2020-03-31 00:00:00
"1010",8,0,0,2020-04-01 00:00:00
"1010",9,0,0,2020-04-02 00:00:00
"1010",9,0,0,2020-04-03 00:00:00
"1010",9,0,0,2020-04-04 00:00:00
"1010",10,0,0,2020-04-05 00:00:00
"1010",10,0,0,2020-04-06 00:00:00
"1010",11,0,0,2020-04-07 00:00:00
"1010",11,0,0,2020-04-08 00:00:00
"1010",11,0,0,2020-04-09 00:00:00
"1010",10,0,0,2020-04-10 00:00:00
"1010",10,0,0,2020-04-11 00:00:00
"1012",3,0,0,2020-04-11 00:00:00
"1014",3,0,0,2020-03-30 00:00:00
"1014",3,0,0,2020-04-01 00:00:00
"1014",4,0,0,2020-04-02 00:00:00
"1014",5,0,0,2020-04-03 00:00:00
"1014",5,0,0,2020-04-04 00:00:00
"1014",5,0,0,2020-04-05 00:00:00
"1014",6,0,0,2020-04-06 00:00:00
"1014",7,0,0,2020-04-07 00:00:00
"1014",7,0,0,2020-04-08 00:00:00
"1014",7,0,0,2020-04-09 00:00:00
"1014",7,0,0,2020-04-10 00:00:00
"1014",6,0,0,2020-04-11 00:00:00
"1015",3,0,0,2020-03-24 00:00:00
"1015",3,0,0,2020-03-25 00:00:00
"1015",12,0,0,2020-03-26 00:00:00
"1015",13,0,0,2020-03-27 00:00:00
"1015",13,0,0,2020-03-28 00:00:00
"1015",18,0,0,2020-03-29 00:00:00
"1015",19,0,0,2020-03-30 00:00:00
"1015",21,0,0,2020-03-31 00:00:00
"1015",36,0,0,2020-04-01 00:00:00
"1015",36,0,0,2020-04-02 00:00:00
"1015",36,0,0,2020-04-03 00:00:00
"1015",35,0,0,2020-04-04 00:00:00
"1015",35,0,0,2020-04-05 00:00:00
"1015",35,0,0,2020-04-06 00:00:00
"1015",34,0,0,2020-04-07 00:00:00
"1015",34,0,0,2020-04-08 00:00:00
"1015",31,0,0,2020-04-09 00:00:00
"1015",31,0,0,2020-04-10 00:00:00
"1015",31,0,0,2020-04-11 00:00:00
"1016",3,0,0,2020-04-09 00:00:00
"1016",3,0,0,2020-04-10 00:00:00
"1016",3,0,0,2020-04-11 00:00:00
"1101",4,0,0,2020-03-30 00:00:00
"1101",4,0,0,2020-03-31 00:00:00
"1101",5,0,0,2020-04-01 00:00:00
"1101",7,0,0,2020-04-02 00:00:00
"1101",8,0,0,2020-04-03 00:00:00
"1101",9,0,0,2020-04-04 00:00:00
"1101",9,0,0,2020-04-05 00:00:00
"1101",9,0,0,2020-04-06 00:00:00
"1101",10,0,0,2020-04-07 00:00:00
"1101",10,0,0,2020-04-08 00:00:00
"1101",11,0,0,2020-04-09 00:00:00
"1101",14,0,0,2020-04-10 00:00:00
"1101",15,0,0,2020-04-11 00:00:00
"1103",3,0,0,2020-03-30 00:00:00
"1104",3,0,0,2020-04-06 00:00:00
"1104",3,0,0,2020-04-07 00:00:00
"1104",3,0,0,2020-04-08 00:00:00
"1104",3,0,0,2020-04-09 00:00:00
"1104",3,0,0,2020-04-10 00:00:00
"1104",3,0,0,2020-04-11 00:00:00
"1105",39,0,0,2020-03-24 00:00:00
"1105",43,0,0,2020-03-25 00:00:00
"1105",44,0,0,2020-03-26 00:00:00
"1105",44,0,0,2020-03-27 00:00:00
"1105",81,0,0,2020-03-28 00:00:00
"1105",110,0,0,2020-03-29 00:00:00
"1105",119,0,0,2020-03-30 00:00:00
"1105",133,0,0,2020-03-31 00:00:00
"1105",134,0,0,2020-04-01 00:00:00
"1105",149,0,0,2020-04-02 00:00:00
"1105",174,0,0,2020-04-03 00:00:00
"1105",187,0,0,2020-04-04 00:00:00
"1105",190,0,0,2020-04-05 00:00:00
"1105",197,0,0,2020-04-06 00:00:00
"1105",203,0,0,2020-04-07 00:00:00
"1105",218,0,0,2020-04-08 00:00:00
"1105",226,0,0,2020-04-09 00:00:00
"1105",238,0,0,2020-04-10 00:00:00
"1105",251,0,0,2020-04-11 00:00:00
"1106",175,0,0,2020-03-24 00:00:00
"1106",187,0,0,2020-03-25 00:00:00
"1106",284,0,0,2020-03-26 00:00:00
"1106",284,0,0,2020-03-27 00:00:00
"1106",366,0,0,2020-03-28 00:00:00
"1106",594,0,0,2020-03-29 00:00:00
"1106",633,0,0,2020-03-30 00:00:00
"1106",505,0,0,2020-03-31 00:00:00
"1106",546,0,0,2020-04-01 00:00:00
"1106",594,0,0,2020-04-02 00:00:00
"1106",634,0,0,2020-04-03 00:00:00
"1106",654,0,0,2020-04-04 00:00:00
"1106",681,0,0,2020-04-05 00:00:00
"1106",699,0,0,2020-04-06 00:00:00
"1106",754,0,0,2020-04-07 00:00:00
"1106",773,0,0,2020-04-08 00:00:00
"1106",797,0,0,2020-04-09 00:00:00
"1106",851,0,0,2020-04-10 00:00:00
"1106",867,0,0,2020-04-11 00:00:00
"1107",24,0,0,2020-03-24 00:00:00
"1107",28,0,0,2020-03-25 00:00:00
"1107",28,0,0,2020-03-26 00:00:00
"1107",28,0,0,2020-03-27 00:00:00
"1107",57,0,0,2020-03-28 00:00:00
"1107",64,0,0,2020-03-29 00:00:00
"1107",72,0,0,2020-03-30 00:00:00
"1107",84,0,0,2020-03-31 00:00:00
"1107",101,0,0,2020-04-01 00:00:00
"1107",109,0,0,2020-04-02 00:00:00
"1107",117,0,0,2020-04-03 00:00:00
"1107",126,0,0,2020-04-04 00:00:00
"1107",131,0,0,2020-04-05 00:00:00
"1107",130,0,0,2020-04-06 00:00:00
"1107",134,0,0,2020-04-07 00:00:00
"1107",138,0,0,2020-04-08 00:00:00
"1107",158,0,0,2020-04-09 00:00:00
"1107",179,0,0,2020-04-10 00:00:00
"1107",191,0,0,2020-04-11 00:00:00
"1108",4,0,0,2020-04-07 00:00:00
"1108",5,0,0,2020-04-08 00:00:00
"1108",5,0,0,2020-04-09 00:00:00
"1108",5,0,0,2020-04-10 00:00:00
"1108",5,0,0,2020-04-11 00:00:00
"1109",7,0,0,2020-03-24 00:00:00
"1109",8,0,0,2020-03-25 00:00:00
"1109",8,0,0,2020-03-26 00:00:00
"1109",8,0,0,2020-03-27 00:00:00
"1109",24,0,0,2020-03-28 00:00:00
"1109",27,0,0,2020-03-29 00:00:00
"1109",31,0,0,2020-03-30 00:00:00
"1109",34,0,0,2020-03-31 00:00:00
"1109",35,0,0,2020-04-01 00:00:00
"1109",37,0,0,2020-04-02 00:00:00
"1109",37,0,0,2020-04-03 00:00:00
"1109",39,0,0,2020-04-04 00:00:00
"1109",42,0,0,2020-04-05 00:00:00
"1109",42,0,0,2020-04-06 00:00:00
"1109",45,0,0,2020-04-07 00:00:00
"1109",46,0,0,2020-04-08 00:00:00
"1109",49,0,0,2020-04-09 00:00:00
"1109",53,0,0,2020-04-10 00:00:00
"1109",52,0,0,2020-04-11 00:00:00
"1110",16,0,0,2020-03-24 00:00:00
"1110",17,0,0,2020-03-25 00:00:00
"1110",17,0,0,2020-03-26 00:00:00
"1110",17,0,0,2020-03-27 00:00:00
"1110",47,0,0,2020-03-28 00:00:00
"1110",74,0,0,2020-03-29 00:00:00
"1110",79,0,0,2020-03-30 00:00:00
"1110",70,0,0,2020-03-31 00:00:00
"1110",78,0,0,2020-04-01 00:00:00
"1110",93,0,0,2020-04-02 00:00:00
"1110",100,0,0,2020-04-03 00:00:00
"1110",116,0,0,2020-04-04 00:00:00
"1110",120,0,0,2020-04-05 00:00:00
"1110",125,0,0,2020-04-06 00:00:00
"1110",142,0,0,2020-04-07 00:00:00
"1110",146,0,0,2020-04-08 00:00:00
"1110",152,0,0,2020-04-09 00:00:00
"1110",161,0,0,2020-04-10 00:00:00
"1110",163,0,0,2020-04-11 00:00:00
"1111",39,0,0,2020-03-24 00:00:00
"1111",43,0,0,2020-03-25 00:00:00
"1111",8,0,0,2020-03-26 00:00:00
"1111",8,0,0,2020-03-27 00:00:00
"1111",116,0,0,2020-03-28 00:00:00
"1111",148,0,0,2020-03-29 00:00:00
"1111",159,0,0,2020-03-30 00:00:00
"1111",167,0,0,2020-03-31 00:00:00
"1111",192,0,0,2020-04-01 00:00:00
"1111",224,0,0,2020-04-02 00:00:00
"1111",242,0,0,2020-04-03 00:00:00
"1111",254,0,0,2020-04-04 00:00:00
"1111",269,0,0,2020-04-05 00:00:00
"1111",278,0,0,2020-04-06 00:00:00
"1111",299,0,0,2020-04-07 00:00:00
"1111",310,0,0,2020-04-08 00:00:00
"1111",334,0,0,2020-04-09 00:00:00
"1111",358,0,0,2020-04-10 00:00:00
"1111",374,0,0,2020-04-11 00:00:00
"1113",13,0,0,2020-03-28 00:00:00
"1113",11,0,0,2020-03-29 00:00:00
"1113",13,0,0,2020-03-30 00:00:00
"1113",13,0,0,2020-03-31 00:00:00
"1113",13,0,0,2020-04-01 00:00:00
"1113",15,0,0,2020-04-02 00:00:00
"1113",16,0,0,2020-04-03 00:00:00
"1113",19,0,0,2020-04-04 00:00:00
"1113",21,0,0,2020-04-05 00:00:00
"1113",22,0,0,2020-04-06 00:00:00
"1113",26,0,0,2020-04-07 00:00:00
"1113",28,0,0,2020-04-08 00:00:00
"1113",28,0,0,2020-04-09 00:00:00
"1113",29,0,0,2020-04-10 00:00:00
"1113",29,0,0,2020-04-11 00:00:00
"1114",5,0,0,2020-03-24 00:00:00
"1114",6,0,0,2020-03-25 00:00:00
"1114",6,0,0,2020-03-26 00:00:00
"1114",6,0,0,2020-03-27 00:00:00
"1114",16,0,0,2020-03-28 00:00:00
"1114",22,0,0,2020-03-29 00:00:00
"1114",24,0,0,2020-03-30 00:00:00
"1114",22,0,0,2020-03-31 00:00:00
"1114",26,0,0,2020-04-01 00:00:00
"1114",30,0,0,2020-04-02 00:00:00
"1114",34,0,0,2020-04-03 00:00:00
"1114",35,0,0,2020-04-04 00:00:00
"1114",36,0,0,2020-04-05 00:00:00
"1114",36,0,0,2020-04-06 00:00:00
"1114",42,0,0,2020-04-07 00:00:00
"1114",44,0,0,2020-04-08 00:00:00
"1114",48,0,0,2020-04-09 00:00:00
"1114",55,0,0,2020-04-10 00:00:00
"1114",60,0,0,2020-04-11 00:00:00
"1115",21,0,0,2020-03-24 00:00:00
"1115",24,0,0,2020-03-25 00:00:00
"1115",31,0,0,2020-03-26 00:00:00
"1115",31,0,0,2020-03-27 00:00:00
"1115",41,0,0,2020-03-28 00:00:00
"1115",53,0,0,2020-03-29 00:00:00
"1115",63,0,0,2020-03-30 00:00:00
"1115",62,0,0,2020-03-31 00:00:00
"1115",68,0,0,2020-04-01 00:00:00
"1115",79,0,0,2020-04-02 00:00:00
"1115",82,0,0,2020-04-03 00:00:00
"1115",91,0,0,2020-04-04 00:00:00
"1115",99,0,0,2020-04-05 00:00:00
"1115",107,0,0,2020-04-06 00:00:00
"1115",108,0,0,2020-04-07 00:00:00
"1115",113,0,0,2020-04-08 00:00:00
"1115",129,0,0,2020-04-09 00:00:00
"1115",147,0,0,2020-04-10 00:00:00
"1115",153,0,0,2020-04-11 00:00:00
"1116",14,0,0,2020-03-24 00:00:00
"1116",18,0,0,2020-03-25 00:00:00
"1116",18,0,0,2020-03-26 00:00:00
"1116",18,0,0,2020-03-27 00:00:00
"1116",46,0,0,2020-03-28 00:00:00
"1116",63,0,0,2020-03-29 00:00:00
"1116",64,0,0,2020-03-30 00:00:00
"1116",66,0,0,2020-03-31 00:00:00
"1116",72,0,0,2020-04-01 00:00:00
"1116",83,0,0,2020-04-02 00:00:00
"1116",86,0,0,2020-04-03 00:00:00
"1116",93,0,0,2020-04-04 00:00:00
"1116",95,0,0,2020-04-05 00:00:00
"1116",95,0,0,2020-04-06 00:00:00
"1116",99,0,0,2020-04-07 00:00:00
"1116",100,0,0,2020-04-08 00:00:00
"1116",112,0,0,2020-04-09 00:00:00
"1116",124,0,0,2020-04-10 00:00:00
"1116",131,0,0,2020-04-11 00:00:00
"1207",3,0,0,2020-04-10 00:00:00
"1207",4,0,0,2020-04-11 00:00:00
"1214",3,0,0,2020-04-10 00:00:00
"1301",3,0,0,2020-03-27 00:00:00
"1301",4,0,0,2020-03-28 00:00:00
"1301",5,0,0,2020-03-29 00:00:00
"1301",6,0,0,2020-03-30 00:00:00
"1301",8,0,0,2020-03-31 00:00:00
"1301",9,0,0,2020-04-01 00:00:00
"1301",11,0,0,2020-04-02 00:00:00
"1301",12,0,0,2020-04-03 00:00:00
"1301",15,0,0,2020-04-04 00:00:00
"1301",21,0,0,2020-04-05 00:00:00
"1301",21,0,0,2020-04-06 00:00:00
"1301",27,0,0,2020-04-07 00:00:00
"1301",27,0,0,2020-04-08 00:00:00
"1301",30,0,0,2020-04-09 00:00:00
"1301",32,0,0,2020-04-10 00:00:00
"1301",35,0,0,2020-04-11 00:00:00
"1302",4,0,0,2020-03-29 00:00:00
"1302",4,0,0,2020-03-30 00:00:00
"1302",4,0,0,2020-04-01 00:00:00
"1302",4,0,0,2020-04-02 00:00:00
"1302",5,0,0,2020-04-03 00:00:00
"1302",5,0,0,2020-04-04 00:00:00
"1302",7,0,0,2020-04-05 00:00:00
"1302",7,0,0,2020-04-06 00:00:00
"1302",7,0,0,2020-04-07 00:00:00
"1302",7,0,0,2020-04-08 00:00:00
"1302",7,0,0,2020-04-09 00:00:00
"1302",6,0,0,2020-04-10 00:00:00
"1302",6,0,0,2020-04-11 00:00:00
"1303",17,0,0,2020-03-24 00:00:00
"1303",17,0,0,2020-03-25 00:00:00
"1303",24,0,0,2020-03-26 00:00:00
"1303",26,0,0,2020-03-27 00:00:00
"1303",26,0,0,2020-03-28 00:00:00
"1303",37,0,0,2020-03-29 00:00:00
"1303",42,0,0,2020-03-30 00:00:00
"1303",45,0,0,2020-03-31 00:00:00
"1303",50,0,0,2020-04-01 00:00:00
"1303",56,0,0,2020-04-02 00:00:00
"1303",66,0,0,2020-04-03 00:00:00
"1303",72,0,0,2020-04-04 00:00:00
"1303",91,0,0,2020-04-05 00:00:00
"1303",94,0,0,2020-04-06 00:00:00
"1303",108,0,0,2020-04-07 00:00:00
"1303",111,0,0,2020-04-08 00:00:00
"1303",118,0,0,2020-04-09 00:00:00
"1303",126,0,0,2020-04-10 00:00:00
"1303",145,0,0,2020-04-11 00:00:00
"1304",56,0,0,2020-03-24 00:00:00
"1304",62,0,0,2020-03-25 00:00:00
"1304",114,0,0,2020-03-26 00:00:00
"1304",149,0,0,2020-03-27 00:00:00
"1304",153,0,0,2020-03-28 00:00:00
"1304",242,0,0,2020-03-29 00:00:00
"1304",276,0,0,2020-03-30 00:00:00
"1304",298,0,0,2020-03-31 00:00:00
"1304",337,0,0,2020-04-01 00:00:00
"1304",373,0,0,2020-04-02 00:00:00
"1304",424,0,0,2020-04-03 00:00:00
"1304",447,0,0,2020-04-04 00:00:00
"1304",478,0,0,2020-04-05 00:00:00
"1304",489,0,0,2020-04-06 00:00:00
"1304",528,0,0,2020-04-07 00:00:00
"1304",556,0,0,2020-04-08 00:00:00
"1304",587,0,0,2020-04-09 00:00:00
"1304",629,0,0,2020-04-10 00:00:00
"1304",646,0,0,2020-04-11 00:00:00
"1305",29,0,0,2020-03-24 00:00:00
"1305",27,0,0,2020-03-25 00:00:00
"1305",33,0,0,2020-03-26 00:00:00
"1305",38,0,0,2020-03-27 00:00:00
"1305",38,0,0,2020-03-28 00:00:00
"1305",42,0,0,2020-03-29 00:00:00
"1305",44,0,0,2020-03-30 00:00:00
"1305",52,0,0,2020-03-31 00:00:00
"1305",52,0,0,2020-04-01 00:00:00
"1305",55,0,0,2020-04-02 00:00:00
"1305",60,0,0,2020-04-03 00:00:00
"1305",64,0,0,2020-04-04 00:00:00
"1305",81,0,0,2020-04-05 00:00:00
"1305",87,0,0,2020-04-06 00:00:00
"1305",92,0,0,2020-04-07 00:00:00
"1305",93,0,0,2020-04-08 00:00:00
"1305",98,0,0,2020-04-09 00:00:00
"1305",98,0,0,2020-04-10 00:00:00
"1305",107,0,0,2020-04-11 00:00:00
"1306",104,0,0,2020-03-24 00:00:00
"1306",119,0,0,2020-03-25 00:00:00
"1306",157,0,0,2020-03-26 00:00:00
"1306",171,0,0,2020-03-27 00:00:00
"1306",219,0,0,2020-03-28 00:00:00
"1306",296,0,0,2020-03-29 00:00:00
"1306",313,0,0,2020-03-30 00:00:00
"1306",293,0,0,2020-03-31 00:00:00
"1306",328,0,0,2020-04-01 00:00:00
"1306",361,0,0,2020-04-02 00:00:00
"1306",390,0,0,2020-04-03 00:00:00
"1306",404,0,0,2020-04-04 00:00:00
"1306",422,0,0,2020-04-05 00:00:00
"1306",444,0,0,2020-04-06 00:00:00
"1306",465,0,0,2020-04-07 00:00:00
"1306",485,0,0,2020-04-08 00:00:00
"1306",512,0,0,2020-04-09 00:00:00
"1306",543,0,0,2020-04-10 00:00:00
"1306",565,0,0,2020-04-11 00:00:00
"1307",3,0,0,2020-03-24 00:00:00
"1307",4,0,0,2020-03-25 00:00:00
"1307",9,0,0,2020-03-28 00:00:00
"1307",15,0,0,2020-03-29 00:00:00
"1307",18,0,0,2020-03-30 00:00:00
"1307",17,0,0,2020-03-31 00:00:00
"1307",20,0,0,2020-04-01 00:00:00
"1307",21,0,0,2020-04-02 00:00:00
"1307",24,0,0,2020-04-03 00:00:00
"1307",26,0,0,2020-04-04 00:00:00
"1307",27,0,0,2020-04-05 00:00:00
"1307",28,0,0,2020-04-06 00:00:00
"1307",30,0,0,2020-04-07 00:00:00
"1307",30,0,0,2020-04-08 00:00:00
"1307",39,0,0,2020-04-09 00:00:00
"1307",42,0,0,2020-04-10 00:00:00
"1307",43,0,0,2020-04-11 00:00:00
"1308",54,0,0,2020-03-24 00:00:00
"1308",56,0,0,2020-03-25 00:00:00
"1308",81,0,0,2020-03-26 00:00:00
"1308",107,0,0,2020-03-27 00:00:00
"1308",189,0,0,2020-03-28 00:00:00
"1308",254,0,0,2020-03-29 00:00:00
"1308",295,0,0,2020-03-30 00:00:00
"1308",273,0,0,2020-03-31 00:00:00
"1308",303,0,0,2020-04-01 00:00:00
"1308",347,0,0,2020-04-02 00:00:00
"1308",368,0,0,2020-04-03 00:00:00
"1308",386,0,0,2020-04-04 00:00:00
"1308",395,0,0,2020-04-05 00:00:00
"1308",400,0,0,2020-04-06 00:00:00
"1308",416,0,0,2020-04-07 00:00:00
"1308",425,0,0,2020-04-08 00:00:00
"1308",444,0,0,2020-04-09 00:00:00
"1308",619,0,0,2020-04-10 00:00:00
"1308",643,0,0,2020-04-11 00:00:00
"1309",5,0,0,2020-03-24 00:00:00
"1309",10,0,0,2020-03-25 00:00:00
"1309",19,0,0,2020-03-26 00:00:00
"1309",22,0,0,2020-03-27 00:00:00
"1309",22,0,0,2020-03-28 00:00:00
"1309",31,0,0,2020-03-29 00:00:00
"1309",35,0,0,2020-03-30 00:00:00
"1309",40,0,0,2020-03-31 00:00:00
"1309",47,0,0,2020-04-01 00:00:00
"1309",48,0,0,2020-04-02 00:00:00
"1309",64,0,0,2020-04-03 00:00:00
"1309",69,0,0,2020-04-04 00:00:00
"1309",84,0,0,2020-04-05 00:00:00
"1309",92,0,0,2020-04-06 00:00:00
"1309",112,0,0,2020-04-07 00:00:00
"1309",113,0,0,2020-04-08 00:00:00
"1309",130,0,0,2020-04-09 00:00:00
"1309",136,0,0,2020-04-10 00:00:00
"1309",146,0,0,2020-04-11 00:00:00
"1310",7,0,0,2020-03-24 00:00:00
"1310",8,0,0,2020-03-25 00:00:00
"1310",16,0,0,2020-03-26 00:00:00
"1310",18,0,0,2020-03-27 00:00:00
"1310",21,0,0,2020-03-28 00:00:00
"1310",34,0,0,2020-03-29 00:00:00
"1310",35,0,0,2020-03-30 00:00:00
"1310",42,0,0,2020-03-31 00:00:00
"1310",44,0,0,2020-04-01 00:00:00
"1310",46,0,0,2020-04-02 00:00:00
"1310",56,0,0,2020-04-03 00:00:00
"1310",66,0,0,2020-04-04 00:00:00
"1310",91,0,0,2020-04-05 00:00:00
"1310",96,0,0,2020-04-06 00:00:00
"1310",110,0,0,2020-04-07 00:00:00
"1310",113,0,0,2020-04-08 00:00:00
"1310",126,0,0,2020-04-09 00:00:00
"1310",132,0,0,2020-04-10 00:00:00
"1310",141,0,0,2020-04-11 00:00:00
"1311",6,0,0,2020-03-24 00:00:00
"1311",7,0,0,2020-03-25 00:00:00
"1311",11,0,0,2020-03-26 00:00:00
"1311",11,0,0,2020-03-27 00:00:00
"1311",13,0,0,2020-03-28 00:00:00
"1311",21,0,0,2020-03-29 00:00:00
"1311",22,0,0,2020-03-30 00:00:00
"1311",31,0,0,2020-03-31 00:00:00
"1311",32,0,0,2020-04-01 00:00:00
"1311",37,0,0,2020-04-02 00:00:00
"1311",39,0,0,2020-04-03 00:00:00
"1311",42,0,0,2020-04-04 00:00:00
"1311",49,0,0,2020-04-05 00:00:00
"1311",53,0,0,2020-04-06 00:00:00
"1311",56,0,0,2020-04-07 00:00:00
"1311",56,0,0,2020-04-08 00:00:00
"1311",72,0,0,2020-04-09 00:00:00
"1311",78,0,0,2020-04-10 00:00:00
"1311",84,0,0,2020-04-11 00:00:00
"1312",126,0,0,2020-03-24 00:00:00
"1312",137,0,0,2020-03-25 00:00:00
"1312",259,0,0,2020-03-26 00:00:00
"1312",317,0,0,2020-03-27 00:00:00
"1312",343,0,0,2020-03-28 00:00:00
"1312",417,0,0,2020-03-29 00:00:00
"1312",941,0,0,2020-03-30 00:00:00
"1312",462,0,0,2020-03-31 00:00:00
"1312",505,0,0,2020-04-01 00:00:00
"1312",556,0,0,2020-04-02 00:00:00
"1312",606,0,0,2020-04-03 00:00:00
"1312",643,0,0,2020-04-04 00:00:00
"1312",660,0,0,2020-04-05 00:00:00
"1312",689,0,0,2020-04-06 00:00:00
"1312",730,0,0,2020-04-07 00:00:00
"1312",750,0,0,2020-04-08 00:00:00
"1312",776,0,0,2020-04-09 00:00:00
"1312",840,0,0,2020-04-10 00:00:00
"1312",852,0,0,2020-04-11 00:00:00
"1313",13,0,0,2020-03-26 00:00:00
"1313",15,0,0,2020-03-27 00:00:00
"1313",15,0,0,2020-03-28 00:00:00
"1313",16,0,0,2020-03-29 00:00:00
"1313",24,0,0,2020-03-30 00:00:00
"1313",15,0,0,2020-03-31 00:00:00
"1313",21,0,0,2020-04-01 00:00:00
"1313",23,0,0,2020-04-02 00:00:00
"1313",27,0,0,2020-04-03 00:00:00
"1313",30,0,0,2020-04-04 00:00:00
"1313",30,0,0,2020-04-05 00:00:00
"1313",30,0,0,2020-04-06 00:00:00
"1313",33,0,0,2020-04-07 00:00:00
"1313",34,0,0,2020-04-08 00:00:00
"1313",33,0,0,2020-04-09 00:00:00
"1313",47,0,0,2020-04-10 00:00:00
"1313",56,0,0,2020-04-11 00:00:00
"1314",7,0,0,2020-03-24 00:00:00
"1314",8,0,0,2020-03-25 00:00:00
"1314",13,0,0,2020-03-26 00:00:00
"1314",20,0,0,2020-03-27 00:00:00
"1314",24,0,0,2020-03-28 00:00:00
"1314",42,0,0,2020-03-29 00:00:00
"1314",44,0,0,2020-03-30 00:00:00
"1314",43,0,0,2020-03-31 00:00:00
"1314",48,0,0,2020-04-01 00:00:00
"1314",54,0,0,2020-04-02 00:00:00
"1314",58,0,0,2020-04-03 00:00:00
"1314",64,0,0,2020-04-04 00:00:00
"1314",73,0,0,2020-04-05 00:00:00
"1314",82,0,0,2020-04-06 00:00:00
"1314",93,0,0,2020-04-07 00:00:00
"1314",94,0,0,2020-04-08 00:00:00
"1314",107,0,0,2020-04-09 00:00:00
"1314",114,0,0,2020-04-10 00:00:00
"1314",128,0,0,2020-04-11 00:00:00
"1315",65,0,0,2020-03-24 00:00:00
"1315",71,0,0,2020-03-25 00:00:00
"1315",100,0,0,2020-03-26 00:00:00
"1315",108,0,0,2020-03-27 00:00:00
"1315",139,0,0,2020-03-28 00:00:00
"1315",184,0,0,2020-03-29 00:00:00
"1315",202,0,0,2020-03-30 00:00:00
"1315",210,0,0,2020-03-31 00:00:00
"1315",233,0,0,2020-04-01 00:00:00
"1315",275,0,0,2020-04-02 00:00:00
"1315",308,0,0,2020-04-03 00:00:00
"1315",320,0,0,2020-04-04 00:00:00
"1315",344,0,0,2020-04-05 00:00:00
"1315",364,0,0,2020-04-06 00:00:00
"1315",387,0,0,2020-04-07 00:00:00
"1315",397,0,0,2020-04-08 00:00:00
"1315",429,0,0,2020-04-09 00:00:00
"1315",455,0,0,2020-04-10 00:00:00
"1315",464,0,0,2020-04-11 00:00:00
"1316",8,0,0,2020-03-24 00:00:00
"1316",8,0,0,2020-03-25 00:00:00
"1316",12,0,0,2020-03-26 00:00:00
"1316",15,0,0,2020-03-27 00:00:00
"1316",22,0,0,2020-03-28 00:00:00
"1316",32,0,0,2020-03-29 00:00:00
"1316",39,0,0,2020-03-30 00:00:00
"1316",34,0,0,2020-03-31 00:00:00
"1316",39,0,0,2020-04-01 00:00:00
"1316",39,0,0,2020-04-02 00:00:00
"1316",40,0,0,2020-04-03 00:00:00
"1316",47,0,0,2020-04-04 00:00:00
"1316",47,0,0,2020-04-05 00:00:00
"1316",47,0,0,2020-04-06 00:00:00
"1316",49,0,0,2020-04-07 00:00:00
"1316",50,0,0,2020-04-08 00:00:00
"1316",55,0,0,2020-04-09 00:00:00
"1316",68,0,0,2020-04-10 00:00:00
"1316",77,0,0,2020-04-11 00:00:00
"1317",68,0,0,2020-03-24 00:00:00
"1317",83,0,0,2020-03-25 00:00:00
"1317",163,0,0,2020-03-26 00:00:00
"1317",262,0,0,2020-03-27 00:00:00
"1317",262,0,0,2020-03-28 00:00:00
"1317",351,0,0,2020-03-29 00:00:00
"1317",344,0,0,2020-03-30 00:00:00
"1317",338,0,0,2020-03-31 00:00:00
"1317",387,0,0,2020-04-01 00:00:00
"1317",418,0,0,2020-04-02 00:00:00
"1317",449,0,0,2020-04-03 00:00:00
"1317",468,0,0,2020-04-04 00:00:00
"1317",499,0,0,2020-04-05 00:00:00
"1317",518,0,0,2020-04-06 00:00:00
"1317",551,0,0,2020-04-07 00:00:00
"1317",576,0,0,2020-04-08 00:00:00
"1317",631,0,0,2020-04-09 00:00:00
"1317",710,0,0,2020-04-10 00:00:00
"1317",758,0,0,2020-04-11 00:00:00
"1318",8,0,0,2020-03-26 00:00:00
"1318",8,0,0,2020-03-27 00:00:00
"1318",14,0,0,2020-03-28 00:00:00
"1318",29,0,0,2020-03-29 00:00:00
"1318",30,0,0,2020-03-30 00:00:00
"1318",31,0,0,2020-03-31 00:00:00
"1318",35,0,0,2020-04-01 00:00:00
"1318",42,0,0,2020-04-02 00:00:00
"1318",45,0,0,2020-04-03 00:00:00
"1318",43,0,0,2020-04-04 00:00:00
"1318",48,0,0,2020-04-05 00:00:00
"1318",56,0,0,2020-04-06 00:00:00
"1318",57,0,0,2020-04-07 00:00:00
"1318",59,0,0,2020-04-08 00:00:00
"1318",66,0,0,2020-04-09 00:00:00
"1318",72,0,0,2020-04-10 00:00:00
"1318",75,0,0,2020-04-11 00:00:00
"1401",7,0,0,2020-03-30 00:00:00
"1401",3,0,0,2020-04-08 00:00:00
"1401",3,0,0,2020-04-09 00:00:00
"1401",4,0,0,2020-04-10 00:00:00
"1401",4,0,0,2020-04-11 00:00:00
"1402",3,0,0,2020-03-30 00:00:00
"1402",3,0,0,2020-04-08 00:00:00
"1402",3,0,0,2020-04-09 00:00:00
"1402",3,0,0,2020-04-10 00:00:00
"1402",3,0,0,2020-04-11 00:00:00
"1403",3,0,0,2020-03-25 00:00:00
"1403",3,0,0,2020-03-26 00:00:00
"1403",3,0,0,2020-03-27 00:00:00
"1403",7,0,0,2020-03-28 00:00:00
"1403",7,0,0,2020-03-29 00:00:00
"1403",9,0,0,2020-03-30 00:00:00
"1403",8,0,0,2020-03-31 00:00:00
"1403",8,0,0,2020-04-01 00:00:00
"1403",8,0,0,2020-04-02 00:00:00
"1403",8,0,0,2020-04-03 00:00:00
"1403",8,0,0,2020-04-04 00:00:00
"1403",8,0,0,2020-04-05 00:00:00
"1403",8,0,0,2020-04-06 00:00:00
"1403",8,0,0,2020-04-07 00:00:00
"1403",8,0,0,2020-04-08 00:00:00
"1403",9,0,0,2020-04-09 00:00:00
"1403",9,0,0,2020-04-10 00:00:00
"1403",10,0,0,2020-04-11 00:00:00
"1404",3,0,0,2020-03-28 00:00:00
"1404",3,0,0,2020-03-29 00:00:00
"1404",3,0,0,2020-03-30 00:00:00
"1404",3,0,0,2020-03-31 00:00:00
"1404",3,0,0,2020-04-01 00:00:00
"1404",3,0,0,2020-04-02 00:00:00
"1404",3,0,0,2020-04-03 00:00:00
"1404",3,0,0,2020-04-04 00:00:00
"1404",3,0,0,2020-04-05 00:00:00
"1404",4,0,0,2020-04-06 00:00:00
"1404",6,0,0,2020-04-07 00:00:00
"1404",6,0,0,2020-04-08 00:00:00
"1404",6,0,0,2020-04-09 00:00:00
"1404",6,0,0,2020-04-10 00:00:00
"1404",5,0,0,2020-04-11 00:00:00
"1405",6,0,0,2020-03-28 00:00:00
"1405",13,0,0,2020-03-29 00:00:00
"1405",12,0,0,2020-03-30 00:00:00
"1405",7,0,0,2020-03-31 00:00:00
"1405",10,0,0,2020-04-01 00:00:00
"1405",12,0,0,2020-04-02 00:00:00
"1405",13,0,0,2020-04-03 00:00:00
"1405",22,0,0,2020-04-04 00:00:00
"1405",23,0,0,2020-04-05 00:00:00
"1405",23,0,0,2020-04-06 00:00:00
"1405",24,0,0,2020-04-07 00:00:00
"1405",25,0,0,2020-04-08 00:00:00
"1405",25,0,0,2020-04-09 00:00:00
"1405",26,0,0,2020-04-10 00:00:00
"1405",26,0,0,2020-04-11 00:00:00
"1406",4,0,0,2020-03-24 00:00:00
"1406",4,0,0,2020-03-25 00:00:00
"1406",4,0,0,2020-03-26 00:00:00
"1406",4,0,0,2020-03-27 00:00:00
"1406",13,0,0,2020-03-28 00:00:00
"1406",11,0,0,2020-03-29 00:00:00
"1406",13,0,0,2020-03-30 00:00:00
"1406",9,0,0,2020-03-31 00:00:00
"1406",9,0,0,2020-04-02 00:00:00
"1406",9,0,0,2020-04-03 00:00:00
"1406",10,0,0,2020-04-04 00:00:00
"1406",12,0,0,2020-04-05 00:00:00
"1406",14,0,0,2020-04-06 00:00:00
"1406",15,0,0,2020-04-07 00:00:00
"1406",16,0,0,2020-04-08 00:00:00
"1406",18,0,0,2020-04-09 00:00:00
"1406",18,0,0,2020-04-10 00:00:00
"1406",18,0,0,2020-04-11 00:00:00
"1409",4,0,0,2020-03-24 00:00:00
"1409",4,0,0,2020-03-25 00:00:00
"1409",4,0,0,2020-03-26 00:00:00
"1409",4,0,0,2020-03-27 00:00:00
"1409",4,0,0,2020-03-28 00:00:00
"1409",4,0,0,2020-03-29 00:00:00
"1409",5,0,0,2020-03-30 00:00:00
"1409",7,0,0,2020-03-31 00:00:00
"1409",7,0,0,2020-04-01 00:00:00
"1409",7,0,0,2020-04-02 00:00:00
"1409",7,0,0,2020-04-03 00:00:00
"1409",9,0,0,2020-04-04 00:00:00
"1409",9,0,0,2020-04-05 00:00:00
"1409",10,0,0,2020-04-06 00:00:00
"1409",10,0,0,2020-04-07 00:00:00
"1409",11,0,0,2020-04-08 00:00:00
"1409",16,0,0,2020-04-09 00:00:00
"1409",16,0,0,2020-04-10 00:00:00
"1409",16,0,0,2020-04-11 00:00:00
"1414",4,0,0,2020-03-30 00:00:00
"1414",4,0,0,2020-03-31 00:00:00
"1414",4,0,0,2020-04-01 00:00:00
"1414",4,0,0,2020-04-02 00:00:00
"1414",4,0,0,2020-04-03 00:00:00
"1414",9,0,0,2020-04-04 00:00:00
"1414",9,0,0,2020-04-05 00:00:00
"1414",8,0,0,2020-04-06 00:00:00
"1414",8,0,0,2020-04-07 00:00:00
"1414",8,0,0,2020-04-08 00:00:00
"1414",8,0,0,2020-04-09 00:00:00
"1414",8,0,0,2020-04-10 00:00:00
"1414",8,0,0,2020-04-11 00:00:00
"1415",3,0,0,2020-04-02 00:00:00
"1415",3,0,0,2020-04-03 00:00:00
"1415",4,0,0,2020-04-04 00:00:00
"1415",4,0,0,2020-04-05 00:00:00
"1415",4,0,0,2020-04-06 00:00:00
"1415",5,0,0,2020-04-07 00:00:00
"1415",5,0,0,2020-04-08 00:00:00
"1415",5,0,0,2020-04-09 00:00:00
"1415",5,0,0,2020-04-10 00:00:00
"1415",5,0,0,2020-04-11 00:00:00
"1416",9,0,0,2020-03-24 00:00:00
"1416",9,0,0,2020-03-25 00:00:00
"1416",9,0,0,2020-03-26 00:00:00
"1416",9,0,0,2020-03-27 00:00:00
"1416",20,0,0,2020-03-28 00:00:00
"1416",22,0,0,2020-03-29 00:00:00
"1416",26,0,0,2020-03-30 00:00:00
"1416",27,0,0,2020-03-31 00:00:00
"1416",28,0,0,2020-04-01 00:00:00
"1416",29,0,0,2020-04-02 00:00:00
"1416",29,0,0,2020-04-03 00:00:00
"1416",38,0,0,2020-04-04 00:00:00
"1416",38,0,0,2020-04-05 00:00:00
"1416",38,0,0,2020-04-06 00:00:00
"1416",42,0,0,2020-04-07 00:00:00
"1416",42,0,0,2020-04-08 00:00:00
"1416",46,0,0,2020-04-09 00:00:00
"1416",46,0,0,2020-04-10 00:00:00
"1416",45,0,0,2020-04-11 00:00:00
"1418",6,0,0,2020-03-28 00:00:00
"1418",3,0,0,2020-03-29 00:00:00
"1418",9,0,0,2020-03-30 00:00:00
"1418",3,0,0,2020-03-31 00:00:00
"1418",3,0,0,2020-04-01 00:00:00
"1418",4,0,0,2020-04-02 00:00:00
"1418",4,0,0,2020-04-03 00:00:00
"1418",4,0,0,2020-04-04 00:00:00
"1418",5,0,0,2020-04-05 00:00:00
"1418",5,0,0,2020-04-06 00:00:00
"1418",6,0,0,2020-04-07 00:00:00
"1418",7,0,0,2020-04-08 00:00:00
"1418",8,0,0,2020-04-09 00:00:00
"1418",8,0,0,2020-04-10 00:00:00
"1418",9,0,0,2020-04-11 00:00:00
"1419",3,0,0,2020-03-28 00:00:00
"1419",4,0,0,2020-03-30 00:00:00
"1419",3,0,0,2020-04-03 00:00:00
"1419",4,0,0,2020-04-04 00:00:00
"1419",4,0,0,2020-04-05 00:00:00
"1419",4,0,0,2020-04-06 00:00:00
"1419",7,0,0,2020-04-07 00:00:00
"1419",7,0,0,2020-04-08 00:00:00
"1419",7,0,0,2020-04-09 00:00:00
"1419",9,0,0,2020-04-10 00:00:00
"1419",9,0,0,2020-04-11 00:00:00
"1420",3,0,0,2020-04-10 00:00:00
"1420",3,0,0,2020-04-11 00:00:00
"1421",3,0,0,2020-03-25 00:00:00
"1421",3,0,0,2020-03-26 00:00:00
"1421",3,0,0,2020-03-27 00:00:00
"1421",4,0,0,2020-03-28 00:00:00
"1421",5,0,0,2020-03-29 00:00:00
"1421",5,0,0,2020-03-30 00:00:00
"1421",5,0,0,2020-03-31 00:00:00
"1421",9,0,0,2020-04-01 00:00:00
"1421",9,0,0,2020-04-02 00:00:00
"1421",10,0,0,2020-04-03 00:00:00
"1421",14,0,0,2020-04-04 00:00:00
"1421",15,0,0,2020-04-05 00:00:00
"1421",15,0,0,2020-04-06 00:00:00
"1421",19,0,0,2020-04-07 00:00:00
"1421",19,0,0,2020-04-08 00:00:00
"1421",21,0,0,2020-04-09 00:00:00
"1421",25,0,0,2020-04-10 00:00:00
"1421",25,0,0,2020-04-11 00:00:00
"1501",5,0,0,2020-04-10 00:00:00
"1501",5,0,0,2020-04-11 00:00:00
"1502",3,0,0,2020-03-24 00:00:00
"1502",3,0,0,2020-03-25 00:00:00
"1502",3,0,0,2020-03-26 00:00:00
"1502",3,0,0,2020-03-27 00:00:00
"1502",3,0,0,2020-03-28 00:00:00
"1502",3,0,0,2020-03-29 00:00:00
"1502",3,0,0,2020-03-30 00:00:00
"1502",4,0,0,2020-03-31 00:00:00
"1502",5,0,0,2020-04-01 00:00:00
"1502",5,0,0,2020-04-02 00:00:00
"1502",5,0,0,2020-04-03 00:00:00
"1502",7,0,0,2020-04-04 00:00:00
"1502",7,0,0,2020-04-05 00:00:00
"1502",8,0,0,2020-04-06 00:00:00
"1502",7,0,0,2020-04-07 00:00:00
"1502",7,0,0,2020-04-08 00:00:00
"1502",7,0,0,2020-04-09 00:00:00
"1502",9,0,0,2020-04-10 00:00:00
"1502",9,0,0,2020-04-11 00:00:00
"1503",31,0,0,2020-03-24 00:00:00
"1503",35,0,0,2020-03-25 00:00:00
"1503",35,0,0,2020-03-26 00:00:00
"1503",35,0,0,2020-03-27 00:00:00
"1503",53,0,0,2020-03-28 00:00:00
"1503",64,0,0,2020-03-29 00:00:00
"1503",68,0,0,2020-03-30 00:00:00
"1503",71,0,0,2020-03-31 00:00:00
"1503",79,0,0,2020-04-01 00:00:00
"1503",86,0,0,2020-04-02 00:00:00
"1503",91,0,0,2020-04-03 00:00:00
"1503",111,0,0,2020-04-04 00:00:00
"1503",121,0,0,2020-04-05 00:00:00
"1503",125,0,0,2020-04-06 00:00:00
"1503",130,0,0,2020-04-07 00:00:00
"1503",134,0,0,2020-04-08 00:00:00
"1503",138,0,0,2020-04-09 00:00:00
"1503",140,0,0,2020-04-10 00:00:00
"1503",142,0,0,2020-04-11 00:00:00
"1504",5,0,0,2020-03-24 00:00:00
"1504",6,0,0,2020-03-25 00:00:00
"1504",6,0,0,2020-03-26 00:00:00
"1504",6,0,0,2020-03-27 00:00:00
"1504",18,0,0,2020-03-28 00:00:00
"1504",17,0,0,2020-03-29 00:00:00
"1504",23,0,0,2020-03-30 00:00:00
"1504",37,0,0,2020-03-31 00:00:00
"1504",38,0,0,2020-04-01 00:00:00
"1504",49,0,0,2020-04-02 00:00:00
"1504",53,0,0,2020-04-03 00:00:00
"1504",54,0,0,2020-04-04 00:00:00
"1504",54,0,0,2020-04-05 00:00:00
"1504",54,0,0,2020-04-06 00:00:00
"1504",56,0,0,2020-04-07 00:00:00
"1504",57,0,0,2020-04-08 00:00:00
"1504",56,0,0,2020-04-09 00:00:00
"1504",74,0,0,2020-04-10 00:00:00
"1504",74,0,0,2020-04-11 00:00:00
"1505",6,0,0,2020-03-26 00:00:00
"1505",6,0,0,2020-03-27 00:00:00
"1505",6,0,0,2020-03-28 00:00:00
"1505",3,0,0,2020-03-29 00:00:00
"1505",6,0,0,2020-03-30 00:00:00
"1505",3,0,0,2020-03-31 00:00:00
"1505",3,0,0,2020-04-01 00:00:00
"1505",3,0,0,2020-04-02 00:00:00
"1505",3,0,0,2020-04-03 00:00:00
"1505",3,0,0,2020-04-04 00:00:00
"1505",3,0,0,2020-04-05 00:00:00
"1505",3,0,0,2020-04-06 00:00:00
"1505",3,0,0,2020-04-07 00:00:00
"1505",3,0,0,2020-04-08 00:00:00
"1505",3,0,0,2020-04-09 00:00:00
"1505",4,0,0,2020-04-10 00:00:00
"1505",4,0,0,2020-04-11 00:00:00
"1506",4,0,0,2020-03-24 00:00:00
"1506",5,0,0,2020-03-25 00:00:00
"1506",5,0,0,2020-03-26 00:00:00
"1506",5,0,0,2020-03-27 00:00:00
"1506",10,0,0,2020-03-28 00:00:00
"1506",12,0,0,2020-03-29 00:00:00
"1506",12,0,0,2020-03-30 00:00:00
"1506",22,0,0,2020-03-31 00:00:00
"1506",29,0,0,2020-04-01 00:00:00
"1506",29,0,0,2020-04-02 00:00:00
"1506",29,0,0,2020-04-03 00:00:00
"1506",30,0,0,2020-04-04 00:00:00
"1506",31,0,0,2020-04-05 00:00:00
"1506",32,0,0,2020-04-06 00:00:00
"1506",35,0,0,2020-04-07 00:00:00
"1506",38,0,0,2020-04-08 00:00:00
"1506",40,0,0,2020-04-09 00:00:00
"1506",51,0,0,2020-04-10 00:00:00
"1506",51,0,0,2020-04-11 00:00:00
"1507",5,0,0,2020-03-24 00:00:00
"1507",4,0,0,2020-03-25 00:00:00
"1507",4,0,0,2020-03-26 00:00:00
"1507",4,0,0,2020-03-27 00:00:00
"1507",9,0,0,2020-03-28 00:00:00
"1507",11,0,0,2020-03-29 00:00:00
"1507",11,0,0,2020-03-30 00:00:00
"1507",14,0,0,2020-03-31 00:00:00
"1507",19,0,0,2020-04-01 00:00:00
"1507",21,0,0,2020-04-02 00:00:00
"1507",22,0,0,2020-04-03 00:00:00
"1507",22,0,0,2020-04-04 00:00:00
"1507",23,0,0,2020-04-05 00:00:00
"1507",24,0,0,2020-04-06 00:00:00
"1507",26,0,0,2020-04-07 00:00:00
"1507",26,0,0,2020-04-08 00:00:00
"1507",27,0,0,2020-04-09 00:00:00
"1507",37,0,0,2020-04-10 00:00:00
"1507",38,0,0,2020-04-11 00:00:00
"1508",5,0,0,2020-03-28 00:00:00
"1508",7,0,0,2020-03-29 00:00:00
"1508",9,0,0,2020-03-30 00:00:00
"1508",11,0,0,2020-03-31 00:00:00
"1508",11,0,0,2020-04-01 00:00:00
"1508",11,0,0,2020-04-02 00:00:00
"1508",11,0,0,2020-04-03 00:00:00
"1508",11,0,0,2020-04-04 00:00:00
"1508",11,0,0,2020-04-05 00:00:00
"1508",11,0,0,2020-04-06 00:00:00
"1508",11,0,0,2020-04-07 00:00:00
"1508",11,0,0,2020-04-08 00:00:00
"1508",14,0,0,2020-04-09 00:00:00
"1508",14,0,0,2020-04-10 00:00:00
"1508",14,0,0,2020-04-11 00:00:00
"1509",6,0,0,2020-03-30 00:00:00
"1509",6,0,0,2020-03-31 00:00:00
"1509",6,0,0,2020-04-01 00:00:00
"1509",6,0,0,2020-04-02 00:00:00
"1509",6,0,0,2020-04-03 00:00:00
"1509",6,0,0,2020-04-04 00:00:00
"1509",6,0,0,2020-04-05 00:00:00
"1509",7,0,0,2020-04-06 00:00:00
"1509",7,0,0,2020-04-07 00:00:00
"1509",8,0,0,2020-04-08 00:00:00
"1509",8,0,0,2020-04-09 00:00:00
"1509",8,0,0,2020-04-10 00:00:00
"1509",11,0,0,2020-04-11 00:00:00
"1510",21,0,0,2020-03-24 00:00:00
"1510",29,0,0,2020-03-25 00:00:00
"1510",29,0,0,2020-03-26 00:00:00
"1510",29,0,0,2020-03-27 00:00:00
"1510",59,0,0,2020-03-28 00:00:00
"1510",66,0,0,2020-03-29 00:00:00
"1510",68,0,0,2020-03-30 00:00:00
"1510",71,0,0,2020-03-31 00:00:00
"1510",79,0,0,2020-04-01 00:00:00
"1510",85,0,0,2020-04-02 00:00:00
"1510",92,0,0,2020-04-03 00:00:00
"1510",96,0,0,2020-04-04 00:00:00
"1510",101,0,0,2020-04-05 00:00:00
"1510",102,0,0,2020-04-06 00:00:00
"1510",109,0,0,2020-04-07 00:00:00
"1510",113,0,0,2020-04-08 00:00:00
"1510",116,0,0,2020-04-09 00:00:00
"1510",125,0,0,2020-04-10 00:00:00
"1510",127,0,0,2020-04-11 00:00:00
"1511",4,0,0,2020-03-24 00:00:00
"1511",4,0,0,2020-03-25 00:00:00
"1511",4,0,0,2020-03-26 00:00:00
"1511",4,0,0,2020-03-27 00:00:00
"1511",7,0,0,2020-03-28 00:00:00
"1511",10,0,0,2020-03-29 00:00:00
"1511",11,0,0,2020-03-30 00:00:00
"1511",10,0,0,2020-03-31 00:00:00
"1511",10,0,0,2020-04-01 00:00:00
"1511",9,0,0,2020-04-02 00:00:00
"1511",10,0,0,2020-04-03 00:00:00
"1511",12,0,0,2020-04-04 00:00:00
"1511",13,0,0,2020-04-05 00:00:00
"1511",12,0,0,2020-04-06 00:00:00
"1511",13,0,0,2020-04-07 00:00:00
"1511",13,0,0,2020-04-08 00:00:00
"1511",16,0,0,2020-04-09 00:00:00
"1511",17,0,0,2020-04-10 00:00:00
"1511",17,0,0,2020-04-11 00:00:00
"1512",7,0,0,2020-03-24 00:00:00
"1512",9,0,0,2020-03-25 00:00:00
"1512",9,0,0,2020-03-26 00:00:00
"1512",9,0,0,2020-03-27 00:00:00
"1512",15,0,0,2020-03-28 00:00:00
"1512",20,0,0,2020-03-29 00:00:00
"1512",24,0,0,2020-03-30 00:00:00
"1512",25,0,0,2020-03-31 00:00:00
"1512",31,0,0,2020-04-01 00:00:00
"1512",33,0,0,2020-04-02 00:00:00
"1512",34,0,0,2020-04-03 00:00:00
"1512",36,0,0,2020-04-04 00:00:00
"1512",37,0,0,2020-04-05 00:00:00
"1512",37,0,0,2020-04-06 00:00:00
"1512",40,0,0,2020-04-07 00:00:00
"1512",43,0,0,2020-04-08 00:00:00
"1512",44,0,0,2020-04-09 00:00:00
"1512",52,0,0,2020-04-10 00:00:00
"1512",52,0,0,2020-04-11 00:00:00
"1513",4,0,0,2020-03-29 00:00:00
"1513",4,0,0,2020-03-30 00:00:00
"1513",3,0,0,2020-03-31 00:00:00
"1513",3,0,0,2020-04-01 00:00:00
"1513",4,0,0,2020-04-02 00:00:00
"1513",3,0,0,2020-04-03 00:00:00
"1513",4,0,0,2020-04-04 00:00:00
"1513",4,0,0,2020-04-05 00:00:00
"1513",3,0,0,2020-04-06 00:00:00
"1513",4,0,0,2020-04-07 00:00:00
"1513",4,0,0,2020-04-08 00:00:00
"1513",4,0,0,2020-04-09 00:00:00
"1513",4,0,0,2020-04-10 00:00:00
"1513",4,0,0,2020-04-11 00:00:00
"1601",3,0,0,2020-03-24 00:00:00
"1601",3,0,0,2020-03-25 00:00:00
"1601",8,0,0,2020-03-26 00:00:00
"1601",8,0,0,2020-03-27 00:00:00
"1601",7,0,0,2020-03-28 00:00:00
"1601",9,0,0,2020-03-29 00:00:00
"1601",9,0,0,2020-03-30 00:00:00
"1601",9,0,0,2020-03-31 00:00:00
"1601",11,0,0,2020-04-01 00:00:00
"1601",12,0,0,2020-04-02 00:00:00
"1601",12,0,0,2020-04-03 00:00:00
"1601",19,0,0,2020-04-04 00:00:00
"1601",21,0,0,2020-04-05 00:00:00
"1601",21,0,0,2020-04-06 00:00:00
"1601",26,0,0,2020-04-07 00:00:00
"1601",26,0,0,2020-04-08 00:00:00
"1601",32,0,0,2020-04-09 00:00:00
"1601",34,0,0,2020-04-10 00:00:00
"1601",39,0,0,2020-04-11 00:00:00
"1602",3,0,0,2020-03-26 00:00:00
"1602",3,0,0,2020-03-27 00:00:00
"1602",3,0,0,2020-03-28 00:00:00
"1602",3,0,0,2020-03-29 00:00:00
"1602",3,0,0,2020-03-30 00:00:00
"1602",3,0,0,2020-03-31 00:00:00
"1602",3,0,0,2020-04-01 00:00:00
"1602",3,0,0,2020-04-02 00:00:00
"1602",4,0,0,2020-04-03 00:00:00
"1602",6,0,0,2020-04-04 00:00:00
"1602",7,0,0,2020-04-05 00:00:00
"1602",7,0,0,2020-04-06 00:00:00
"1602",8,0,0,2020-04-07 00:00:00
"1602",8,0,0,2020-04-08 00:00:00
"1602",8,0,0,2020-04-09 00:00:00
"1602",9,0,0,2020-04-10 00:00:00
"1602",9,0,0,2020-04-11 00:00:00
"1603",4,0,0,2020-03-30 00:00:00
"1603",4,0,0,2020-03-31 00:00:00
"1603",5,0,0,2020-04-01 00:00:00
"1603",5,0,0,2020-04-02 00:00:00
"1603",7,0,0,2020-04-03 00:00:00
"1603",7,0,0,2020-04-04 00:00:00
"1603",7,0,0,2020-04-05 00:00:00
"1603",8,0,0,2020-04-06 00:00:00
"1603",9,0,0,2020-04-07 00:00:00
"1603",12,0,0,2020-04-08 00:00:00
"1603",14,0,0,2020-04-09 00:00:00
"1603",14,0,0,2020-04-10 00:00:00
"1603",14,0,0,2020-04-11 00:00:00
"1604",3,0,0,2020-03-28 00:00:00
"1604",3,0,0,2020-03-29 00:00:00
"1604",3,0,0,2020-03-30 00:00:00
"1604",5,0,0,2020-03-31 00:00:00
"1604",5,0,0,2020-04-01 00:00:00
"1604",5,0,0,2020-04-02 00:00:00
"1604",5,0,0,2020-04-03 00:00:00
"1604",6,0,0,2020-04-04 00:00:00
"1604",6,0,0,2020-04-05 00:00:00
"1604",6,0,0,2020-04-06 00:00:00
"1604",7,0,0,2020-04-07 00:00:00
"1604",9,0,0,2020-04-08 00:00:00
"1604",11,0,0,2020-04-09 00:00:00
"1604",11,0,0,2020-04-10 00:00:00
"1604",11,0,0,2020-04-11 00:00:00
"1605",3,0,0,2020-04-02 00:00:00
"1605",3,0,0,2020-04-03 00:00:00
"1605",3,0,0,2020-04-04 00:00:00
"1605",3,0,0,2020-04-05 00:00:00
"1605",5,0,0,2020-04-06 00:00:00
"1605",6,0,0,2020-04-07 00:00:00
"1605",6,0,0,2020-04-08 00:00:00
"1605",6,0,0,2020-04-09 00:00:00
"1605",6,0,0,2020-04-10 00:00:00
"1605",6,0,0,2020-04-11 00:00:00
"1606",3,0,0,2020-04-09 00:00:00
"1606",3,0,0,2020-04-10 00:00:00
"1606",4,0,0,2020-04-11 00:00:00
"1607",5,0,0,2020-03-26 00:00:00
"1607",5,0,0,2020-03-27 00:00:00
"1607",5,0,0,2020-03-28 00:00:00
"1607",3,0,0,2020-03-29 00:00:00
"1607",5,0,0,2020-03-30 00:00:00
"1607",5,0,0,2020-04-04 00:00:00
"1607",6,0,0,2020-04-05 00:00:00
"1607",7,0,0,2020-04-06 00:00:00
"1607",12,0,0,2020-04-07 00:00:00
"1607",12,0,0,2020-04-08 00:00:00
"1607",16,0,0,2020-04-09 00:00:00
"1607",17,0,0,2020-04-10 00:00:00
"1607",19,0,0,2020-04-11 00:00:00
"1608",3,0,0,2020-04-01 00:00:00
"1608",3,0,0,2020-04-02 00:00:00
"1608",3,0,0,2020-04-03 00:00:00
"1608",3,0,0,2020-04-04 00:00:00
"1608",4,0,0,2020-04-05 00:00:00
"1608",4,0,0,2020-04-06 00:00:00
"1608",4,0,0,2020-04-07 00:00:00
"1608",5,0,0,2020-04-08 00:00:00
"1608",6,0,0,2020-04-09 00:00:00
"1608",6,0,0,2020-04-10 00:00:00
"1608",6,0,0,2020-04-11 00:00:00
"1609",7,0,0,2020-03-24 00:00:00
"1609",7,0,0,2020-03-25 00:00:00
"1609",19,0,0,2020-03-26 00:00:00
"1609",19,0,0,2020-03-27 00:00:00
"1609",24,0,0,2020-03-28 00:00:00
"1609",33,0,0,2020-03-29 00:00:00
"1609",36,0,0,2020-03-30 00:00:00
"1609",33,0,0,2020-03-31 00:00:00
"1609",34,0,0,2020-04-01 00:00:00
"1609",34,0,0,2020-04-02 00:00:00
"1609",38,0,0,2020-04-03 00:00:00
"1609",39,0,0,2020-04-04 00:00:00
"1609",49,0,0,2020-04-05 00:00:00
"1609",68,0,0,2020-04-06 00:00:00
"1609",75,0,0,2020-04-07 00:00:00
"1609",79,0,0,2020-04-08 00:00:00
"1609",82,0,0,2020-04-09 00:00:00
"1609",87,0,0,2020-04-10 00:00:00
"1609",95,0,0,2020-04-11 00:00:00
"1610",3,0,0,2020-04-09 00:00:00
"1610",3,0,0,2020-04-10 00:00:00
"1610",4,0,0,2020-04-11 00:00:00
"1703",3,0,0,2020-03-24 00:00:00
"1703",3,0,0,2020-03-25 00:00:00
"1703",3,0,0,2020-03-26 00:00:00
"1703",3,0,0,2020-03-27 00:00:00
"1703",10,0,0,2020-03-28 00:00:00
"1703",11,0,0,2020-03-29 00:00:00
"1703",12,0,0,2020-03-30 00:00:00
"1703",10,0,0,2020-03-31 00:00:00
"1703",11,0,0,2020-04-01 00:00:00
"1703",11,0,0,2020-04-02 00:00:00
"1703",11,0,0,2020-04-03 00:00:00
"1703",13,0,0,2020-04-04 00:00:00
"1703",16,0,0,2020-04-05 00:00:00
"1703",16,0,0,2020-04-06 00:00:00
"1703",16,0,0,2020-04-07 00:00:00
"1703",16,0,0,2020-04-08 00:00:00
"1703",15,0,0,2020-04-09 00:00:00
"1703",19,0,0,2020-04-10 00:00:00
"1703",19,0,0,2020-04-11 00:00:00
"1708",5,0,0,2020-03-29 00:00:00
"1708",6,0,0,2020-03-30 00:00:00
"1708",3,0,0,2020-03-31 00:00:00
"1708",5,0,0,2020-04-01 00:00:00
"1708",9,0,0,2020-04-02 00:00:00
"1708",9,0,0,2020-04-03 00:00:00
"1708",9,0,0,2020-04-04 00:00:00
"1708",9,0,0,2020-04-05 00:00:00
"1708",9,0,0,2020-04-06 00:00:00
"1708",9,0,0,2020-04-07 00:00:00
"1708",9,0,0,2020-04-08 00:00:00
"1708",10,0,0,2020-04-09 00:00:00
"1708",11,0,0,2020-04-10 00:00:00
"1708",13,0,0,2020-04-11 00:00:00
"1710",3,0,0,2020-04-09 00:00:00
"1710",3,0,0,2020-04-10 00:00:00
"1710",3,0,0,2020-04-11 00:00:00
"1712",3,0,0,2020-03-29 00:00:00
"1712",3,0,0,2020-03-30 00:00:00
"1712",3,0,0,2020-03-31 00:00:00
"1712",3,0,0,2020-04-01 00:00:00
"1712",3,0,0,2020-04-02 00:00:00
"1712",3,0,0,2020-04-03 00:00:00
"1712",3,0,0,2020-04-04 00:00:00
"1712",3,0,0,2020-04-05 00:00:00
"1712",3,0,0,2020-04-06 00:00:00
"1712",4,0,0,2020-04-07 00:00:00
"1712",4,0,0,2020-04-08 00:00:00
"1712",5,0,0,2020-04-09 00:00:00
"1712",5,0,0,2020-04-10 00:00:00
"1712",5,0,0,2020-04-11 00:00:00
"1713",3,0,0,2020-03-28 00:00:00
"1713",3,0,0,2020-03-29 00:00:00
"1713",3,0,0,2020-03-30 00:00:00
"1713",3,0,0,2020-03-31 00:00:00
"1713",3,0,0,2020-04-01 00:00:00
"1713",3,0,0,2020-04-02 00:00:00
"1713",3,0,0,2020-04-03 00:00:00
"1713",3,0,0,2020-04-04 00:00:00
"1713",3,0,0,2020-04-05 00:00:00
"1713",3,0,0,2020-04-06 00:00:00
"1713",3,0,0,2020-04-07 00:00:00
"1713",3,0,0,2020-04-08 00:00:00
"1713",3,0,0,2020-04-09 00:00:00
"1713",3,0,0,2020-04-10 00:00:00
"1713",3,0,0,2020-04-11 00:00:00
"1714",4,0,0,2020-03-24 00:00:00
"1714",9,0,0,2020-03-25 00:00:00
"1714",8,0,0,2020-03-26 00:00:00
"1714",34,0,0,2020-03-27 00:00:00
"1714",98,0,0,2020-03-28 00:00:00
"1714",103,0,0,2020-03-29 00:00:00
"1714",115,0,0,2020-03-30 00:00:00
"1714",121,0,0,2020-03-31 00:00:00
"1714",124,0,0,2020-04-01 00:00:00
"1714",124,0,0,2020-04-02 00:00:00
"1714",124,0,0,2020-04-03 00:00:00
"1714",127,0,0,2020-04-04 00:00:00
"1714",129,0,0,2020-04-05 00:00:00
"1714",129,0,0,2020-04-06 00:00:00
"1714",132,0,0,2020-04-07 00:00:00
"1714",132,0,0,2020-04-08 00:00:00
"1714",131,0,0,2020-04-09 00:00:00
"1714",134,0,0,2020-04-10 00:00:00
"1714",134,0,0,2020-04-11 00:00:00
"1802",3,0,0,2020-04-03 00:00:00
"1802",3,0,0,2020-04-07 00:00:00
"1802",4,0,0,2020-04-08 00:00:00
"1802",6,0,0,2020-04-09 00:00:00
"1802",6,0,0,2020-04-10 00:00:00
"1802",7,0,0,2020-04-11 00:00:00
"1803",22,0,0,2020-03-30 00:00:00
"1803",4,0,0,2020-04-01 00:00:00
"1803",5,0,0,2020-04-02 00:00:00
"1803",5,0,0,2020-04-03 00:00:00
"1803",6,0,0,2020-04-04 00:00:00
"1803",8,0,0,2020-04-05 00:00:00
"1803",8,0,0,2020-04-06 00:00:00
"1803",8,0,0,2020-04-07 00:00:00
"1803",18,0,0,2020-04-08 00:00:00
"1803",59,0,0,2020-04-09 00:00:00
"1803",64,0,0,2020-04-10 00:00:00
"1803",81,0,0,2020-04-11 00:00:00
"1804",3,0,0,2020-03-29 00:00:00
"1804",5,0,0,2020-03-30 00:00:00
"1804",3,0,0,2020-03-31 00:00:00
"1804",4,0,0,2020-04-01 00:00:00
"1804",4,0,0,2020-04-02 00:00:00
"1804",4,0,0,2020-04-03 00:00:00
"1804",3,0,0,2020-04-04 00:00:00
"1804",3,0,0,2020-04-05 00:00:00
"1804",3,0,0,2020-04-06 00:00:00
"1804",4,0,0,2020-04-07 00:00:00
"1804",4,0,0,2020-04-08 00:00:00
"1804",5,0,0,2020-04-09 00:00:00
"1804",6,0,0,2020-04-10 00:00:00
"1804",6,0,0,2020-04-11 00:00:00
"1805",4,0,0,2020-03-29 00:00:00
"1805",4,0,0,2020-03-30 00:00:00
"1805",5,0,0,2020-03-31 00:00:00
"1805",6,0,0,2020-04-01 00:00:00
"1805",8,0,0,2020-04-02 00:00:00
"1805",8,0,0,2020-04-03 00:00:00
"1805",8,0,0,2020-04-04 00:00:00
"1805",9,0,0,2020-04-05 00:00:00
"1805",9,0,0,2020-04-06 00:00:00
"1805",10,0,0,2020-04-07 00:00:00
"1805",10,0,0,2020-04-08 00:00:00
"1805",10,0,0,2020-04-09 00:00:00
"1805",10,0,0,2020-04-10 00:00:00
"1805",13,0,0,2020-04-11 00:00:00
"1806",11,0,0,2020-04-09 00:00:00
"1806",12,0,0,2020-04-10 00:00:00
"1806",34,0,0,2020-04-11 00:00:00
"1807",3,0,0,2020-04-05 00:00:00
"1807",3,0,0,2020-04-06 00:00:00
"1807",3,0,0,2020-04-07 00:00:00
"1807",3,0,0,2020-04-08 00:00:00
"1807",5,0,0,2020-04-09 00:00:00
"1807",7,0,0,2020-04-10 00:00:00
"1807",8,0,0,2020-04-11 00:00:00
"1808",3,0,0,2020-04-01 00:00:00
"1808",3,0,0,2020-04-02 00:00:00
"1808",3,0,0,2020-04-03 00:00:00
"1809",3,0,0,2020-03-26 00:00:00
"1809",3,0,0,2020-03-27 00:00:00
"1809",4,0,0,2020-03-28 00:00:00
"1809",4,0,0,2020-03-29 00:00:00
"1809",5,0,0,2020-03-30 00:00:00
"1809",4,0,0,2020-03-31 00:00:00
"1809",7,0,0,2020-04-01 00:00:00
"1809",7,0,0,2020-04-02 00:00:00
"1809",8,0,0,2020-04-03 00:00:00
"1809",9,0,0,2020-04-04 00:00:00
"1809",9,0,0,2020-04-05 00:00:00
"1809",9,0,0,2020-04-06 00:00:00
"1809",9,0,0,2020-04-07 00:00:00
"1809",10,0,0,2020-04-08 00:00:00
"1809",12,0,0,2020-04-09 00:00:00
"1809",13,0,0,2020-04-10 00:00:00
"1809",13,0,0,2020-04-11 00:00:00
"1810",3,0,0,2020-03-28 00:00:00
"1810",7,0,0,2020-03-29 00:00:00
"1810",7,0,0,2020-03-30 00:00:00
"1810",6,0,0,2020-03-31 00:00:00
"1810",6,0,0,2020-04-01 00:00:00
"1810",7,0,0,2020-04-02 00:00:00
"1810",7,0,0,2020-04-03 00:00:00
"1810",7,0,0,2020-04-04 00:00:00
"1810",7,0,0,2020-04-05 00:00:00
"1810",7,0,0,2020-04-06 00:00:00
"1810",7,0,0,2020-04-07 00:00:00
"1810",8,0,0,2020-04-08 00:00:00
"1810",8,0,0,2020-04-09 00:00:00
"1810",8,0,0,2020-04-10 00:00:00
"1810",8,0,0,2020-04-11 00:00:00
"1813",3,0,0,2020-03-26 00:00:00
"1813",9,0,0,2020-03-27 00:00:00
"1813",32,0,0,2020-03-28 00:00:00
"1813",26,0,0,2020-03-29 00:00:00
"1813",27,0,0,2020-03-30 00:00:00
"1813",35,0,0,2020-03-31 00:00:00
"1813",36,0,0,2020-04-01 00:00:00
"1813",37,0,0,2020-04-02 00:00:00
"1813",37,0,0,2020-04-03 00:00:00
"1813",42,0,0,2020-04-04 00:00:00
"1813",45,0,0,2020-04-05 00:00:00
"1813",45,0,0,2020-04-06 00:00:00
"1813",52,0,0,2020-04-07 00:00:00
"1813",52,0,0,2020-04-08 00:00:00
"1813",53,0,0,2020-04-09 00:00:00
"1813",53,0,0,2020-04-10 00:00:00
"1813",53,0,0,2020-04-11 00:00:00
"1814",3,0,0,2020-04-11 00:00:00
"1816",3,0,0,2020-03-29 00:00:00
"1816",3,0,0,2020-03-30 00:00:00
"1816",3,0,0,2020-03-31 00:00:00
"1816",3,0,0,2020-04-01 00:00:00
"1816",4,0,0,2020-04-02 00:00:00
"1816",4,0,0,2020-04-03 00:00:00
"1816",6,0,0,2020-04-04 00:00:00
"1816",6,0,0,2020-04-05 00:00:00
"1816",6,0,0,2020-04-06 00:00:00
"1816",6,0,0,2020-04-07 00:00:00
"1816",6,0,0,2020-04-08 00:00:00
"1816",7,0,0,2020-04-09 00:00:00
"1816",7,0,0,2020-04-10 00:00:00
"1816",8,0,0,2020-04-11 00:00:00
"1817",5,0,0,2020-04-09 00:00:00
"1817",5,0,0,2020-04-10 00:00:00
"1817",5,0,0,2020-04-11 00:00:00
"1821",7,0,0,2020-04-09 00:00:00
"1821",8,0,0,2020-04-10 00:00:00
"1821",7,0,0,2020-04-11 00:00:00
"1823",6,0,0,2020-03-24 00:00:00
"1823",11,0,0,2020-03-25 00:00:00
"1823",20,0,0,2020-03-26 00:00:00
"1823",21,0,0,2020-03-27 00:00:00
"1823",21,0,0,2020-03-28 00:00:00
"1823",20,0,0,2020-03-29 00:00:00
"1823",28,0,0,2020-03-30 00:00:00
"1823",19,0,0,2020-03-31 00:00:00
"1823",21,0,0,2020-04-01 00:00:00
"1823",22,0,0,2020-04-02 00:00:00
"1823",24,0,0,2020-04-03 00:00:00
"1823",29,0,0,2020-04-04 00:00:00
"1823",33,0,0,2020-04-05 00:00:00
"1823",33,0,0,2020-04-06 00:00:00
"1823",36,0,0,2020-04-07 00:00:00
"1823",37,0,0,2020-04-08 00:00:00
"1823",55,0,0,2020-04-09 00:00:00
"1823",62,0,0,2020-04-10 00:00:00
"1823",65,0,0,2020-04-11 00:00:00
"3101",4,0,0,2020-03-29 00:00:00
"3101",4,0,0,2020-03-30 00:00:00
"3101",5,0,0,2020-03-31 00:00:00
"3101",5,0,0,2020-04-01 00:00:00
"3101",5,0,0,2020-04-02 00:00:00
"3101",5,0,0,2020-04-03 00:00:00
"3101",4,0,0,2020-04-04 00:00:00
"3102",3,0,0,2020-03-24 00:00:00
"3102",3,0,0,2020-03-25 00:00:00
"3102",4,0,0,2020-03-28 00:00:00
"3102",6,0,0,2020-03-29 00:00:00
"3102",6,0,0,2020-03-30 00:00:00
"3102",6,0,0,2020-03-31 00:00:00
"3102",7,0,0,2020-04-01 00:00:00
"3102",7,0,0,2020-04-02 00:00:00
"3102",7,0,0,2020-04-03 00:00:00
"3102",7,0,0,2020-04-04 00:00:00
"3102",7,0,0,2020-04-05 00:00:00
"3102",7,0,0,2020-04-06 00:00:00
"3102",7,0,0,2020-04-07 00:00:00
"3102",7,0,0,2020-04-08 00:00:00
"3102",7,0,0,2020-04-09 00:00:00
"3102",7,0,0,2020-04-10 00:00:00
"3102",7,0,0,2020-04-11 00:00:00
"3103",10,0,0,2020-03-24 00:00:00
"3103",10,0,0,2020-03-25 00:00:00
"3103",16,0,0,2020-03-28 00:00:00
"3103",23,0,0,2020-03-29 00:00:00
"3103",23,0,0,2020-03-30 00:00:00
"3103",18,0,0,2020-03-31 00:00:00
"3103",20,0,0,2020-04-01 00:00:00
"3103",20,0,0,2020-04-02 00:00:00
"3103",20,0,0,2020-04-03 00:00:00
"3103",20,0,0,2020-04-04 00:00:00
"3103",20,0,0,2020-04-05 00:00:00
"3103",21,0,0,2020-04-06 00:00:00
"3103",21,0,0,2020-04-07 00:00:00
"3103",21,0,0,2020-04-08 00:00:00
"3103",21,0,0,2020-04-09 00:00:00
"3103",26,0,0,2020-04-10 00:00:00
"3103",26,0,0,2020-04-11 00:00:00
"3105",5,0,0,2020-03-29 00:00:00
"3105",5,0,0,2020-03-30 00:00:00
"3105",5,0,0,2020-03-31 00:00:00
"3105",5,0,0,2020-04-01 00:00:00
"3105",5,0,0,2020-04-02 00:00:00
"3105",5,0,0,2020-04-03 00:00:00
"3105",6,0,0,2020-04-04 00:00:00
"3105",6,0,0,2020-04-05 00:00:00
"3105",6,0,0,2020-04-06 00:00:00
"3105",6,0,0,2020-04-07 00:00:00
"3105",6,0,0,2020-04-08 00:00:00
"3105",6,0,0,2020-04-09 00:00:00
"3105",5,0,0,2020-04-10 00:00:00
"3105",5,0,0,2020-04-11 00:00:00
"3108",4,0,0,2020-03-29 00:00:00
"3108",4,0,0,2020-03-30 00:00:00
"3108",4,0,0,2020-03-31 00:00:00
"3108",4,0,0,2020-04-01 00:00:00
"3108",4,0,0,2020-04-02 00:00:00
"3108",4,0,0,2020-04-03 00:00:00
"3108",4,0,0,2020-04-04 00:00:00
"3108",4,0,0,2020-04-05 00:00:00
"3108",4,0,0,2020-04-06 00:00:00
"3108",4,0,0,2020-04-07 00:00:00
"3108",4,0,0,2020-04-08 00:00:00
"3108",4,0,0,2020-04-09 00:00:00
"3108",6,0,0,2020-04-10 00:00:00
"3108",6,0,0,2020-04-11 00:00:00
"3201",3,0,0,2020-03-30 00:00:00
"3201",4,0,0,2020-04-01 00:00:00
"3201",4,0,0,2020-04-02 00:00:00
"3201",4,0,0,2020-04-03 00:00:00
"3201",4,0,0,2020-04-04 00:00:00
"3201",5,0,0,2020-04-05 00:00:00
"3201",5,0,0,2020-04-06 00:00:00
"3201",5,0,0,2020-04-07 00:00:00
"3201",5,0,0,2020-04-08 00:00:00
"3201",5,0,0,2020-04-09 00:00:00
"3201",5,0,0,2020-04-10 00:00:00
"3201",5,0,0,2020-04-11 00:00:00
"4201",4,0,0,2020-03-27 00:00:00
"4201",3,0,0,2020-03-31 00:00:00
"4201",3,0,0,2020-04-01 00:00:00
"4201",3,0,0,2020-04-02 00:00:00
"4201",3,0,0,2020-04-03 00:00:00
"4201",3,0,0,2020-04-08 00:00:00
"4203",7,0,0,2020-03-29 00:00:00
"4203",7,0,0,2020-03-30 00:00:00
"4301",5,0,0,2020-03-29 00:00:00
"4301",5,0,0,2020-03-30 00:00:00
"4302",3,0,0,2020-03-29 00:00:00
"4302",5,0,0,2020-03-30 00:00:00
"4302",5,0,0,2020-03-31 00:00:00
"4302",5,0,0,2020-04-01 00:00:00
"4302",5,0,0,2020-04-02 00:00:00
"4302",7,0,0,2020-04-03 00:00:00
"4302",7,0,0,2020-04-04 00:00:00
"4302",7,0,0,2020-04-05 00:00:00
"4302",7,0,0,2020-04-06 00:00:00
"4302",7,0,0,2020-04-07 00:00:00
"4302",7,0,0,2020-04-08 00:00:00
"4302",8,0,0,2020-04-09 00:00:00
"4302",8,0,0,2020-04-10 00:00:00
"4302",8,0,0,2020-04-11 00:00:00
"4501",4,0,0,2020-03-28 00:00:00
"4501",4,0,0,2020-04-05 00:00:00
"4501",4,0,0,2020-04-06 00:00:00
"4501",4,0,0,2020-04-07 00:00:00
"4501",4,0,0,2020-04-08 00:00:00
"4501",4,0,0,2020-04-09 00:00:00
"4501",4,0,0,2020-04-10 00:00:00
"4501",4,0,0,2020-04-11 00:00:00
"4502",5,0,0,2020-03-28 00:00:00
"4502",6,0,0,2020-03-29 00:00:00
"4502",6,0,0,2020-03-30 00:00:00
"4502",5,0,0,2020-03-31 00:00:00
"4502",5,0,0,2020-04-01 00:00:00
"4502",5,0,0,2020-04-02 00:00:00
"4502",5,0,0,2020-04-03 00:00:00
"4502",5,0,0,2020-04-04 00:00:00
"4502",5,0,0,2020-04-05 00:00:00
"4502",5,0,0,2020-04-06 00:00:00
"4502",5,0,0,2020-04-07 00:00:00
"4502",5,0,0,2020-04-08 00:00:00
"4502",6,0,0,2020-04-09 00:00:00
"4502",6,0,0,2020-04-10 00:00:00
"4502",6,0,0,2020-04-11 00:00:00
"4602",3,0,0,2020-03-28 00:00:00
"4602",3,0,0,2020-03-29 00:00:00
"4602",3,0,0,2020-03-30 00:00:00
"4602",3,0,0,2020-03-31 00:00:00
"4602",4,0,0,2020-04-01 00:00:00
"4602",4,0,0,2020-04-02 00:00:00
"4602",4,0,0,2020-04-03 00:00:00
"4602",4,0,0,2020-04-04 00:00:00
"4602",4,0,0,2020-04-05 00:00:00
"4602",4,0,0,2020-04-06 00:00:00
"4602",4,0,0,2020-04-07 00:00:00
"4602",4,0,0,2020-04-08 00:00:00
"4602",5,0,0,2020-04-09 00:00:00
"4602",5,0,0,2020-04-10 00:00:00
"4602",5,0,0,2020-04-11 00:00:00
"4603",3,0,0,2020-03-30 00:00:00
"4603",3,0,0,2020-03-31 00:00:00
"4603",3,0,0,2020-04-01 00:00:00
"4603",3,0,0,2020-04-02 00:00:00
"4603",3,0,0,2020-04-03 00:00:00
"4603",3,0,0,2020-04-04 00:00:00
"4603",3,0,0,2020-04-05 00:00:00
"4603",3,0,0,2020-04-06 00:00:00
"4603",3,0,0,2020-04-07 00:00:00
"4603",3,0,0,2020-04-08 00:00:00
"4603",3,0,0,2020-04-09 00:00:00
"4603",3,0,0,2020-04-10 00:00:00
"4603",3,0,0,2020-04-11 00:00:00
"4701",4,0,0,2020-03-28 00:00:00
"4701",4,0,0,2020-03-29 00:00:00
"4701",6,0,0,2020-03-30 00:00:00
"4701",6,0,0,2020-03-31 00:00:00
"4701",6,0,0,2020-04-01 00:00:00
"4701",6,0,0,2020-04-02 00:00:00
"4701",6,0,0,2020-04-03 00:00:00
"4701",6,0,0,2020-04-04 00:00:00
"4701",6,0,0,2020-04-05 00:00:00
"4701",6,0,0,2020-04-06 00:00:00
"4701",6,0,0,2020-04-07 00:00:00
"4701",6,0,0,2020-04-08 00:00:00
"4701",6,0,0,2020-04-09 00:00:00
"4701",6,0,0,2020-04-10 00:00:00
"4701",6,0,0,2020-04-11 00:00:00
